,,,,,,,CPUID Field,,,,,Configuration by TDH.MNG.INIT,,Virtualization,,
Leaf,Sub-Leaf From,Sub-Leaf To,Header,Leaf Description,Sub-leaf Description,Leaf/Sub-Leaf,Reg.,MSB,LSB,Field Size,Field Name,TD_PARAMS Section,Configuration Details,Virtualization Type,Virtualization Details,
0x0,N/A,N/A,Leaf,Basic CPUID Information,,Leaf 0x0,,,,,Leaf 0x0,,,,,
0x0,N/A,N/A,,,,,EAX,31,0,32,MaxIndex,N/A,,Fixed,0x21,
0x0,N/A,N/A,,,,,EBX,31,0,32,Genu,N/A,,Native,,
0x0,N/A,N/A,,,,,ECX,31,0,32,ntel,N/A,,Native,,
0x0,N/A,N/A,,,,,EDX,31,0,32,ineI,N/A,,Native,,
0x1,N/A,N/A,Leaf,Family/Model/Stepping - Feature Flags,,Leaf 0x1,,,,,Leaf 0x1,,,,,
0x1,N/A,N/A,,,,,EAX,3,0,4,Stepping ID,N/A,,Calculated,Min. of all packages,
0x1,N/A,N/A,,,,,EAX,7,4,4,Model ID,N/A,,Native,,
0x1,N/A,N/A,,,,,EAX,11,8,4,Family ID,N/A,,Native,,
0x1,N/A,N/A,,,,,EAX,13,12,2,Processor Type,N/A,,Native,,
0x1,N/A,N/A,,,,,EAX,15,14,2,Reserved_15_14,N/A,,Fixed,0x0,
0x1,N/A,N/A,,,,,EAX,19,16,4,Extended Model ID,N/A,,Native,,
0x1,N/A,N/A,,,,,EAX,27,20,8,Extended Family ID,N/A,,Native,,
0x1,N/A,N/A,,,,,EAX,31,28,4,Reserved_31_28,N/A,,Fixed,0x0,
0x1,N/A,N/A,,,,,EBX,7,0,8,Brand Index,N/A,,Native,,
0x1,N/A,N/A,,,,,EBX,15,8,8,CLFLUSH Line Size,N/A,,Fixed,0x8,
0x1,N/A,N/A,,,,,EBX,23,16,8,Maximum Addressable IDs,CPUID_CONFIG,,As Configured,,
0x1,N/A,N/A,,,,,EBX,31,24,8,Initial APIC ID,N/A,,Calculated,TDVPS.VCPU_INDEX[7:0],
0x1,N/A,N/A,,,,,ECX,0,0,1,SSE3,N/A,,Native,,
0x1,N/A,N/A,,,,,ECX,1,1,1,PCLMULQDQ,N/A,,Native,,
0x1,N/A,N/A,,,,,ECX,2,2,1,DTES64,N/A,,Native,,
0x1,N/A,N/A,,,,,ECX,3,3,1,MONITOR,CPUID_CONFIG,,As Configured (if Native),,
0x1,N/A,N/A,,,,,ECX,4,4,1,DS-CPL,N/A,,Native,,
0x1,N/A,N/A,,,,,ECX,5,5,1,VMX,N/A,,Fixed,0x0,
0x1,N/A,N/A,,,,,ECX,6,6,1,SMX,N/A,,Fixed,0x0,
0x1,N/A,N/A,,,,,ECX,7,7,1,EST,CPUID_CONFIG,,As Configured (if Native),,
0x1,N/A,N/A,,,,,ECX,8,8,1,TM2,CPUID_CONFIG,,As Configured (if Native),,
0x1,N/A,N/A,,,,,ECX,9,9,1,SSSE3,N/A,,Native,,
0x1,N/A,N/A,,,,,ECX,10,10,1,CNXT-ID,CPUID_CONFIG,,As Configured (if Native),,
0x1,N/A,N/A,,,,,ECX,11,11,1,SDBG,CPUID_CONFIG,,As Configured (if Native),,
0x1,N/A,N/A,,,,,ECX,12,12,1,FMA,XFAM,XFAM[2],As Configured (if Native),,
0x1,N/A,N/A,,,,,ECX,13,13,1,CMPXCHG16B,N/A,,Fixed,0x1,
0x1,N/A,N/A,,,,,ECX,14,14,1,xTPR Update Control,CPUID_CONFIG,,As Configured (if Native),,
0x1,N/A,N/A,,,,,ECX,15,15,1,PDCM,N/A,,Fixed,0x1,
0x1,N/A,N/A,,,,,ECX,16,16,1,Reserved_16,N/A,,Fixed,0x0,
0x1,N/A,N/A,,,,,ECX,17,17,1,PCID,N/A,,Native,,
0x1,N/A,N/A,,,,,ECX,18,18,1,DCA,CPUID_CONFIG,,As Configured (if Native),,
0x1,N/A,N/A,,,,,ECX,19,19,1,SSE4_1,N/A,,Native,,
0x1,N/A,N/A,,,,,ECX,20,20,1,SSE4_2,N/A,,Native,,
0x1,N/A,N/A,,,,,ECX,21,21,1,x2APIC,N/A,,Fixed,0x1,
0x1,N/A,N/A,,,,,ECX,22,22,1,MOVBE,N/A,,Native,,
0x1,N/A,N/A,,,,,ECX,23,23,1,POPCNT,N/A,,Native,,
0x1,N/A,N/A,,,,,ECX,24,24,1,TSC-Deadline,CPUID_CONFIG,,As Configured (if Native),,
0x1,N/A,N/A,,,,,ECX,25,25,1,AESNI,N/A,,Fixed,0x1,
0x1,N/A,N/A,,,,,ECX,26,26,1,XSAVE,N/A,,Fixed,0x1,
0x1,N/A,N/A,,,,,ECX,27,27,1,OSXSAVE,N/A,,Calculated,CR4.OSXSAVE,
0x1,N/A,N/A,,,,,ECX,28,28,1,AVX,XFAM,XFAM[2],As Configured (if Native),,
0x1,N/A,N/A,,,,,ECX,29,29,1,F16C,XFAM,XFAM[2],As Configured (if Native),,
0x1,N/A,N/A,,,,,ECX,30,30,1,RDRAND,N/A,,Fixed,0x1,
0x1,N/A,N/A,,,,,ECX,31,31,1,Reserved_31,N/A,,Fixed,0x1,
0x1,N/A,N/A,,,,,EDX,0,0,1,FPU,N/A,,Native,,
0x1,N/A,N/A,,,,,EDX,1,1,1,VME,N/A,,Native,,
0x1,N/A,N/A,,,,,EDX,2,2,1,DE,N/A,,Native,,
0x1,N/A,N/A,,,,,EDX,3,3,1,PSE,N/A,,Native,,
0x1,N/A,N/A,,,,,EDX,4,4,1,TSC,N/A,,Native,,
0x1,N/A,N/A,,,,,EDX,5,5,1,MSR,N/A,,Fixed,0x1,
0x1,N/A,N/A,,,,,EDX,6,6,1,PAE,N/A,,Fixed,0x1,
0x1,N/A,N/A,,,,,EDX,7,7,1,MCE,N/A,,Fixed,0x1,
0x1,N/A,N/A,,,,,EDX,8,8,1,CX8,N/A,,Native,,
0x1,N/A,N/A,,,,,EDX,9,9,1,APIC,N/A,,Fixed,0x1,
0x1,N/A,N/A,,,,,EDX,10,10,1,Reserved_10,N/A,,Fixed,0x0,
0x1,N/A,N/A,,,,,EDX,11,11,1,SEP,N/A,,Native,,
0x1,N/A,N/A,,,,,EDX,12,12,1,MTRR,N/A,,Fixed,0x1,
0x1,N/A,N/A,,,,,EDX,13,13,1,PGE,N/A,,Native,,
0x1,N/A,N/A,,,,,EDX,14,14,1,MCA,N/A,,Fixed,0x1,
0x1,N/A,N/A,,,,,EDX,15,15,1,CMOV,N/A,,Native,,
0x1,N/A,N/A,,,,,EDX,16,16,1,PAT,N/A,,Native,,
0x1,N/A,N/A,,,,,EDX,17,17,1,PSE-36,N/A,,Native,,
0x1,N/A,N/A,,,,,EDX,18,18,1,PSN,CPUID_CONFIG,,As Configured (if Native),,
0x1,N/A,N/A,,,,,EDX,19,19,1,CLFSH,N/A,,Fixed,0x1,
0x1,N/A,N/A,,,,,EDX,20,20,1,Reserved_20,N/A,,Fixed,0x0,
0x1,N/A,N/A,,,,,EDX,21,21,1,DS,N/A,,Fixed,0x1,
0x1,N/A,N/A,,,,,EDX,22,22,1,ACPI,CPUID_CONFIG,,As Configured (if Native),,
0x1,N/A,N/A,,,,,EDX,23,23,1,MMX,N/A,,Native,,
0x1,N/A,N/A,,,,,EDX,24,24,1,FXSR,N/A,,Native,,
0x1,N/A,N/A,,,,,EDX,25,25,1,SSE,N/A,,Native,,
0x1,N/A,N/A,,,,,EDX,26,26,1,SSE2,N/A,,Native,,
0x1,N/A,N/A,,,,,EDX,27,27,1,SS,N/A,,Native,,
0x1,N/A,N/A,,,,,EDX,28,28,1,HTT,CPUID_CONFIG,,As Configured (if Native),,
0x1,N/A,N/A,,,,,EDX,29,29,1,TM,CPUID_CONFIG,,As Configured (if Native),,
0x1,N/A,N/A,,,,,EDX,30,30,1,Reserved_30,N/A,,Fixed,0x0,
0x1,N/A,N/A,,,,,EDX,31,31,1,PBE,CPUID_CONFIG,,As Configured (if Native),,
0x2,N/A,N/A,Leaf,Cache and TLB Information,,Leaf 0x2,,,,,Leaf 0x2,,,#VE,,
0x2,N/A,N/A,,,,,EAX,7,0,8,Number of descriptors,N/A,,#VE,,
0x2,N/A,N/A,,,,,EAX,15,8,8,LLC Descriptor,N/A,,#VE,,
0x2,N/A,N/A,,,,,EAX,23,16,8,TLB Descriptor,N/A,,#VE,,
0x2,N/A,N/A,,,,,EAX,31,24,8,Descriptor,N/A,,#VE,,
0x2,N/A,N/A,,,,,EBX,7,0,8,Prefetching size,N/A,,#VE,,
0x2,N/A,N/A,,,,,EBX,15,8,8,0,N/A,,#VE,,
0x2,N/A,N/A,,,,,EBX,23,16,8,0,N/A,,#VE,,
0x2,N/A,N/A,,,,,EBX,31,24,8,Descriptor,N/A,,#VE,,
0x2,N/A,N/A,,,,,ECX,7,0,8,0,N/A,,#VE,,
0x2,N/A,N/A,,,,,ECX,15,8,8,0,N/A,,#VE,,
0x2,N/A,N/A,,,,,ECX,23,16,8,0,N/A,,#VE,,
0x2,N/A,N/A,,,,,ECX,31,24,8,Descriptor,N/A,,#VE,,
0x2,N/A,N/A,,,,,EDX,7,0,8,0,N/A,,#VE,,
0x2,N/A,N/A,,,,,EDX,15,8,8,0,N/A,,#VE,,
0x2,N/A,N/A,,,,,EDX,23,16,8,0,N/A,,#VE,,
0x2,N/A,N/A,,,,,EDX,31,24,8,Descriptor,N/A,,#VE,,
0x3,N/A,N/A,Leaf,Processor Serial Number,,Leaf 0x3,,,,,Leaf 0x3,,,,,
0x3,N/A,N/A,,,,,EAX,31,0,32,Reserved,N/A,,Fixed,0x0,
0x3,N/A,N/A,,,,,EBX,31,0,32,Reserved,N/A,,Fixed,0x0,
0x3,N/A,N/A,,,,,ECX,31,0,32,Reserved,N/A,,Fixed,0x0,
0x3,N/A,N/A,,,,,EDX,31,0,32,Reserved,N/A,,Fixed,0x0,
0x4,0x0,0x0,Leaf,Deterministic Cache Parameters,DL1,Leaf 0x4 / Sub-Leaf 0x0,,,,,Leaf 0x4 / Sub-Leaf 0x0,,,,,
0x4,0x0,0x0,,,,,EAX,4,0,5,Type,CPUID_CONFIG,,As Configured,,
0x4,0x0,0x0,,,,,EAX,7,5,3,Level,CPUID_CONFIG,,As Configured,,
0x4,0x0,0x0,,,,,EAX,8,8,1,Self Initializing,CPUID_CONFIG,,As Configured,,
0x4,0x0,0x0,,,,,EAX,9,9,1,Fully Associative,CPUID_CONFIG,,As Configured,,
0x4,0x0,0x0,,,,,EAX,13,10,4,Reserved,CPUID_CONFIG,,As Configured,,
0x4,0x0,0x0,,,,,EAX,25,14,12,Addressable IDs Sharing this Cache,CPUID_CONFIG,,As Configured,,
0x4,0x0,0x0,,,,,EAX,31,26,6,Addressable IDs for Cores in Package,CPUID_CONFIG,,As Configured,,
0x4,0x0,0x0,,,,,EBX,11,0,12,L,N/A,,Native,,
0x4,0x0,0x0,,,,,EBX,21,12,10,P,CPUID_CONFIG,,As Configured,,
0x4,0x0,0x0,,,,,EBX,31,22,10,W,CPUID_CONFIG,,As Configured,,
0x4,0x0,0x0,,,,,ECX,31,0,32,Number of Sets,CPUID_CONFIG,,As Configured,,
0x4,0x0,0x0,,,,,EDX,0,0,1,WBINVD,CPUID_CONFIG,,As Configured,,
0x4,0x0,0x0,,,,,EDX,1,1,1,Cache Inclusiveness,CPUID_CONFIG,,As Configured,,
0x4,0x0,0x0,,,,,EDX,2,2,1,Reserved_31_2,CPUID_CONFIG,,As Configured,,
0x4,0x0,0x0,,,,,EDX,31,3,29,0,CPUID_CONFIG,,As Configured,,
0x4,0x1,0x1,Sub-Leaf,Deterministic Cache Parameters,IL1,Leaf 0x4 / Sub-Leaf 0x1,,,,,Leaf 0x4 / Sub-Leaf 0x1,,,,,
0x4,0x1,0x1,,,,,EAX,4,0,5,Type,CPUID_CONFIG,,As Configured,,
0x4,0x1,0x1,,,,,EAX,7,5,3,Level,CPUID_CONFIG,,As Configured,,
0x4,0x1,0x1,,,,,EAX,8,8,1,Self Initializing,CPUID_CONFIG,,As Configured,,
0x4,0x1,0x1,,,,,EAX,9,9,1,Fully Associative,CPUID_CONFIG,,As Configured,,
0x4,0x1,0x1,,,,,EAX,13,10,4,Reserved,CPUID_CONFIG,,As Configured,,
0x4,0x1,0x1,,,,,EAX,25,14,12,Addressable IDs Sharing this Cache,CPUID_CONFIG,,As Configured,,
0x4,0x1,0x1,,,,,EAX,31,26,6,Addressable IDs for Cores in Package,CPUID_CONFIG,,As Configured,,
0x4,0x1,0x1,,,,,EBX,11,0,12,L,N/A,,Native,,
0x4,0x1,0x1,,,,,EBX,21,12,10,P,CPUID_CONFIG,,As Configured,,
0x4,0x1,0x1,,,,,EBX,31,22,10,W,CPUID_CONFIG,,As Configured,,
0x4,0x1,0x1,,,,,ECX,31,0,32,Number of Sets,CPUID_CONFIG,,As Configured,,
0x4,0x1,0x1,,,,,EDX,0,0,1,WBINVD,CPUID_CONFIG,,As Configured,,
0x4,0x1,0x1,,,,,EDX,1,1,1,Cache Inclusiveness,CPUID_CONFIG,,As Configured,,
0x4,0x1,0x1,,,,,EDX,2,2,1,Reserved_31_2,CPUID_CONFIG,,As Configured,,
0x4,0x1,0x1,,,,,EDX,31,3,29,0,CPUID_CONFIG,,As Configured,,
0x4,0x2,0x2,Sub-Leaf,Deterministic Cache Parameters,L2,Leaf 0x4 / Sub-Leaf 0x2,,,,,Leaf 0x4 / Sub-Leaf 0x2,,,,,
0x4,0x2,0x2,,,,,EAX,4,0,5,Type,CPUID_CONFIG,,As Configured,,
0x4,0x2,0x2,,,,,EAX,7,5,3,Level,CPUID_CONFIG,,As Configured,,
0x4,0x2,0x2,,,,,EAX,8,8,1,Self Initializing,CPUID_CONFIG,,As Configured,,
0x4,0x2,0x2,,,,,EAX,9,9,1,Fully Associative,CPUID_CONFIG,,As Configured,,
0x4,0x2,0x2,,,,,EAX,13,10,4,Reserved_13_10,CPUID_CONFIG,,As Configured,,
0x4,0x2,0x2,,,,,EAX,25,14,12,Addressable IDs Sharing this Cache,CPUID_CONFIG,,As Configured,,
0x4,0x2,0x2,,,,,EAX,31,26,6,Addressable IDs for Cores in Package,CPUID_CONFIG,,As Configured,,
0x4,0x2,0x2,,,,,EBX,11,0,12,L,N/A,,Native,,
0x4,0x2,0x2,,,,,EBX,21,12,10,P,CPUID_CONFIG,,As Configured,,
0x4,0x2,0x2,,,,,EBX,31,22,10,W,CPUID_CONFIG,,As Configured,,
0x4,0x2,0x2,,,,,ECX,31,0,32,Number of Sets,CPUID_CONFIG,,As Configured,,
0x4,0x2,0x2,,,,,EDX,0,0,1,WBINVD,CPUID_CONFIG,,As Configured,,
0x4,0x2,0x2,,,,,EDX,1,1,1,Cache Inclusiveness,CPUID_CONFIG,,As Configured,,
0x4,0x2,0x2,,,,,EDX,2,2,1,Reserved_31_2,CPUID_CONFIG,,As Configured,,
0x4,0x2,0x2,,,,,EDX,31,3,29,0,CPUID_CONFIG,,As Configured,,
0x4,0x3,0x3,Sub-Leaf,Deterministic Cache Parameters,LLC,Leaf 0x4 / Sub-Leaf 0x3,,,,,Leaf 0x4 / Sub-Leaf 0x3,,,,,
0x4,0x3,0x3,,,,,EAX,4,0,5,Type,CPUID_CONFIG,,As Configured,,
0x4,0x3,0x3,,,,,EAX,7,5,3,Level,CPUID_CONFIG,,As Configured,,
0x4,0x3,0x3,,,,,EAX,8,8,1,Self Initializing,CPUID_CONFIG,,As Configured,,
0x4,0x3,0x3,,,,,EAX,9,9,1,Fully Associative,CPUID_CONFIG,,As Configured,,
0x4,0x3,0x3,,,,,EAX,13,10,4,Reserved_13_10,CPUID_CONFIG,,As Configured,,
0x4,0x3,0x3,,,,,EAX,25,14,12,Addressable IDs Sharing this Cache,CPUID_CONFIG,,As Configured,,
0x4,0x3,0x3,,,,,EAX,31,26,6,Addressable IDs for Cores in Package,CPUID_CONFIG,,As Configured,,
0x4,0x3,0x3,,,,,EBX,11,0,12,L,N/A,,Native,,
0x4,0x3,0x3,,,,,EBX,21,12,10,P,CPUID_CONFIG,,As Configured,,
0x4,0x3,0x3,,,,,EBX,31,22,10,W,CPUID_CONFIG,,As Configured,,
0x4,0x3,0x3,,,,,ECX,31,0,32,Number of Sets,CPUID_CONFIG,,As Configured,,
0x4,0x3,0x3,,,,,EDX,0,0,1,WBINVD,CPUID_CONFIG,,As Configured,,
0x4,0x3,0x3,,,,,EDX,1,1,1,Cache Inclusiveness,CPUID_CONFIG,,As Configured,,
0x4,0x3,0x3,,,,,EDX,2,2,1,Complex cache indexing,CPUID_CONFIG,,As Configured,,
0x4,0x3,0x3,,,,,EDX,31,3,29,Reserved_31_3,CPUID_CONFIG,,As Configured,,
0x4,0x4,0x4,Sub-Leaf,Deterministic Cache Parameters,End Marker,Leaf 0x4 / Sub-Leaf 0x4,,,,,Leaf 0x4 / Sub-Leaf 0x4,,,,,
0x4,0x4,0x4,,,,,EAX,4,0,5,Type,N/A,,Fixed,0x0,
0x4,0x4,0x4,,,,,EAX,7,5,3,Level,N/A,,Fixed,0x0,
0x4,0x4,0x4,,,,,EAX,8,8,1,Self Initializing,N/A,,Fixed,0x0,
0x4,0x4,0x4,,,,,EAX,9,9,1,Fully Associative,N/A,,Fixed,0x0,
0x4,0x4,0x4,,,,,EAX,13,10,4,Reserved,N/A,,Fixed,0x0,
0x4,0x4,0x4,,,,,EAX,25,14,12,Addressable IDs Sharing this Cache,N/A,,Fixed,0x0,
0x4,0x4,0x4,,,,,EAX,31,26,6,Addressable IDs for Cores in Package,N/A,,Fixed,0x0,
0x4,0x4,0x4,,,,,EBX,11,0,12,L,N/A,,Fixed,0x0,
0x4,0x4,0x4,,,,,EBX,21,12,10,P,N/A,,Fixed,0x0,
0x4,0x4,0x4,,,,,EBX,31,22,10,W,N/A,,Fixed,0x0,
0x4,0x4,0x4,,,,,ECX,31,0,32,Number of Sets,N/A,,Fixed,0x0,
0x4,0x4,0x4,,,,,EDX,0,0,1,WBINVD,N/A,,Fixed,0x0,
0x4,0x4,0x4,,,,,EDX,1,1,1,Cache Inclusiveness,N/A,,Fixed,0x0,
0x4,0x4,0x4,,,,,EDX,2,2,1,Complex Cache Indexing,N/A,,Fixed,0x0,
0x4,0x4,0x4,,,,,EDX,31,3,29,Reserved,N/A,,Fixed,0x0,
0x5,N/A,N/A,Leaf,Monitor/Mwait,,Leaf 0x5,,,,,Leaf 0x5,,,#VE,,
0x5,N/A,N/A,,,,,EAX,15,0,16,Smallest Monitor-line Size,N/A,,#VE,,
0x5,N/A,N/A,,,,,EAX,31,16,16,Reserved,N/A,,#VE,,
0x5,N/A,N/A,,,,,EBX,15,0,16,Largest Monitor-line Size,N/A,,#VE,,
0x5,N/A,N/A,,,,,EBX,31,16,16,Reserved,N/A,,#VE,,
0x5,N/A,N/A,,,,,ECX,0,0,1,"b0: Monitor-Mwait Extensions, b1: Interrupt as Break-Event",N/A,,#VE,,
0x5,N/A,N/A,,,,,ECX,1,1,1,0,N/A,,#VE,,
0x5,N/A,N/A,,,,,ECX,31,2,30,Reserved,N/A,,#VE,,
0x5,N/A,N/A,,,,,EDX,3,0,4,C0 Sub-States,N/A,,#VE,,
0x5,N/A,N/A,,,,,EDX,7,4,4,C1 Sub-States,N/A,,#VE,,
0x5,N/A,N/A,,,,,EDX,11,8,4,C2 Sub-States,N/A,,#VE,,
0x5,N/A,N/A,,,,,EDX,15,12,4,C3 Sub-States,N/A,,#VE,,
0x5,N/A,N/A,,,,,EDX,19,16,4,C4 Sub-States,N/A,,#VE,,
0x5,N/A,N/A,,,,,EDX,23,20,4,C5 Sub-States,N/A,,#VE,,
0x5,N/A,N/A,,,,,EDX,27,24,4,C6 Sub-States,N/A,,#VE,,
0x5,N/A,N/A,,,,,EDX,31,28,4,C7 Sub-States,N/A,,#VE,,
0x6,N/A,N/A,Leaf,Thermal and Power Management,,Leaf 0x6,,,,,Leaf 0x6,,,#VE,,
0x6,N/A,N/A,,,,,EAX,0,0,1,Digital Temperature Sensor,N/A,,#VE,,
0x6,N/A,N/A,,,,,EAX,1,1,1,Intel Turbo Boost Technology,N/A,,#VE,,
0x6,N/A,N/A,,,,,EAX,2,2,1,ARAT,N/A,,#VE,,
0x6,N/A,N/A,,,,,EAX,3,3,1,Reserved_3,N/A,,#VE,,
0x6,N/A,N/A,,,,,EAX,4,4,1,PLN,N/A,,#VE,,
0x6,N/A,N/A,,,,,EAX,5,5,1,ECMD,N/A,,#VE,,
0x6,N/A,N/A,,,,,EAX,6,6,1,PTM,N/A,,#VE,,
0x6,N/A,N/A,,,,,EAX,7,7,1,HWP,N/A,,#VE,,
0x6,N/A,N/A,,,,,EAX,8,8,1,HWP Notification,N/A,,#VE,,
0x6,N/A,N/A,,,,,EAX,9,9,1,HWP Activity Window,N/A,,#VE,,
0x6,N/A,N/A,,,,,EAX,10,10,1,HWP Energy Performance Preference,N/A,,#VE,,
0x6,N/A,N/A,,,,,EAX,11,11,1,HWP Package Level Request,N/A,,#VE,,
0x6,N/A,N/A,,,,,EAX,12,12,1,Reserved_12,N/A,,#VE,,
0x6,N/A,N/A,,,,,EAX,13,13,1,HDC,N/A,,#VE,,
0x6,N/A,N/A,,,,,EAX,14,14,1,Favored Core Enable,N/A,,#VE,,
0x6,N/A,N/A,,,,,EAX,15,15,1,HWP Notification Due Highest Change,N/A,,#VE,,
0x6,N/A,N/A,,,,,EAX,16,16,1,HWP PECI Override,N/A,,#VE,,
0x6,N/A,N/A,,,,,EAX,17,17,1,HWP Thread Request Support,N/A,,#VE,,
0x6,N/A,N/A,,,,,EAX,18,18,1,Low Latency and Post IA32_HWP_REQUEST,N/A,,#VE,,
0x6,N/A,N/A,,,,,EAX,19,19,1,HW_FEEDBACK,N/A,,#VE,,
0x6,N/A,N/A,,,,,EAX,20,20,1,Voting Rights (new in GLC?),N/A,,#VE,,
0x6,N/A,N/A,,,,,EAX,21,21,1,HWP Thread Info,N/A,,#VE,,
0x6,N/A,N/A,,,,,EAX,22,22,1,Reserved_22,N/A,,#VE,,
0x6,N/A,N/A,,,,,EAX,23,23,1,HGS+,N/A,,#VE,,
0x6,N/A,N/A,,,,,EAX,31,24,8,Reserved_31_24,N/A,,#VE,,
0x6,N/A,N/A,,,,,EBX,3,0,4,Interrupt Thresholds,N/A,,#VE,,
0x6,N/A,N/A,,,,,EBX,31,4,28,Reserved,N/A,,#VE,,
0x6,N/A,N/A,,,,,ECX,0,0,1,Hardware Coordination Feedback,N/A,,#VE,,
0x6,N/A,N/A,,,,,ECX,1,1,1,ACNT2,N/A,,#VE,,
0x6,N/A,N/A,,,,,ECX,2,2,1,Reserved_2,N/A,,#VE,,
0x6,N/A,N/A,,,,,ECX,3,3,1,Performance-Energy Bias,N/A,,#VE,,
0x6,N/A,N/A,,,,,ECX,31,4,28,Reserved_31_4,N/A,,#VE,,
0x6,N/A,N/A,,,,,EDX,7,0,8,Supported Capabilities bitmap,N/A,,#VE,,
0x6,N/A,N/A,,,,,EDX,11,8,4,HW Feedback Table size,N/A,,#VE,,
0x6,N/A,N/A,,,,,EDX,15,12,4,Reserved,N/A,,#VE,,
0x6,N/A,N/A,,,,,EDX,31,16,16,HW Feedback Table Indication,N/A,,#VE,,
0x7,0x0,0x0,Leaf,Structured Extended Feature Flags,Sub-Leaf 0,Leaf 0x7 / Sub-Leaf 0x0,,,,,Leaf 0x7 / Sub-Leaf 0x0,,,,,
0x7,0x0,0x0,,,,,EAX,31,0,32,Max Sub-Leaves,N/A,,Fixed,0x1,
0x7,0x0,0x0,,,,,EBX,0,0,1,FSGSBASE,N/A,,Fixed,0x1,
0x7,0x0,0x0,,,,,EBX,1,1,1,IA32_TSC_ADJUST,N/A,,Fixed,0x0,
0x7,0x0,0x0,,,,,EBX,2,2,1,SGX,N/A,,Fixed,0x0,
0x7,0x0,0x0,,,,,EBX,3,3,1,BMI1,CPUID_CONFIG,,As Configured (if Native),,
0x7,0x0,0x0,,,,,EBX,4,4,1,HLE,CPUID_CONFIG,,As Configured (if Native),,
0x7,0x0,0x0,,,,,EBX,5,5,1,AVX2,XFAM,XFAM[2],As Configured (if Native),,
0x7,0x0,0x0,,,,,EBX,6,6,1,FDP_EXCPTN_ONLY,N/A,,Native,,
0x7,0x0,0x0,,,,,EBX,7,7,1,SMEP,N/A,,Native,,
0x7,0x0,0x0,,,,,EBX,8,8,1,BMI2,CPUID_CONFIG,,As Configured (if Native),,
0x7,0x0,0x0,,,,,EBX,9,9,1,Enhanced REP MOVSB/STOSB,N/A,,Native,,
0x7,0x0,0x0,,,,,EBX,10,10,1,INVPCID,N/A,,Native,,
0x7,0x0,0x0,,,,,EBX,11,11,1,RTM,CPUID_CONFIG,,As Configured (if Native),,
0x7,0x0,0x0,,,,,EBX,12,12,1,PQM,CPUID_CONFIG,,As Configured (if Native),,
0x7,0x0,0x0,,,,,EBX,13,13,1,FCS/FDS Deprecation,N/A,,Native,,
0x7,0x0,0x0,,,,,EBX,14,14,1,MPX,N/A,,Fixed,0x0,
0x7,0x0,0x0,,,,,EBX,15,15,1,Cache QoS Enforcement,CPUID_CONFIG,,As Configured (if Native),,
0x7,0x0,0x0,,,,,EBX,16,16,1,AVX512F,XFAM,XFAM[7:5],As Configured (if Native),,
0x7,0x0,0x0,,,,,EBX,17,17,1,AVX512DQ,XFAM,XFAM[7:5],As Configured (if Native),,
0x7,0x0,0x0,,,,,EBX,18,18,1,RDSEED,N/A,,Fixed,0x1,
0x7,0x0,0x0,,,,,EBX,19,19,1,ADCX/ADOX,CPUID_CONFIG,,As Configured (if Native),,
0x7,0x0,0x0,,,,,EBX,20,20,1,SMAP/CLAC/STAC,N/A,,Fixed,0x1,
0x7,0x0,0x0,,,,,EBX,21,21,1,AVX512_IFMA,XFAM,XFAM[7:5],As Configured (if Native),,
0x7,0x0,0x0,,,,,EBX,22,22,1,PCOMMIT,N/A,,Fixed,0x0,
0x7,0x0,0x0,,,,,EBX,23,23,1,CLFLUSHOPT,N/A,,Fixed,0x1,
0x7,0x0,0x0,,,,,EBX,24,24,1,CLWB,N/A,,Fixed,0x1,
0x7,0x0,0x0,,,,,EBX,25,25,1,RTIT,XFAM,XFAM[8],As Configured (if Native),,
0x7,0x0,0x0,,,,,EBX,26,26,1,AVX512PF,XFAM,XFAM[7:5],As Configured (if Native),,
0x7,0x0,0x0,,,,,EBX,27,27,1,AVX512ER,XFAM,XFAM[7:5],As Configured (if Native),,
0x7,0x0,0x0,,,,,EBX,28,28,1,AVX512CD,XFAM,XFAM[7:5],As Configured (if Native),,
0x7,0x0,0x0,,,,,EBX,29,29,1,SHA,N/A,,Fixed,0x1,
0x7,0x0,0x0,,,,,EBX,30,30,1,AVX512BW,XFAM,XFAM[7:5],As Configured (if Native),,
0x7,0x0,0x0,,,,,EBX,31,31,1,AVX512VL,XFAM,XFAM[7:5],As Configured (if Native),,
0x7,0x0,0x0,,,,,ECX,0,0,1,PREFETCHWT1,N/A,,Native,,
0x7,0x0,0x0,,,,,ECX,1,1,1,AVX512VBMI,XFAM,XFAM[7:5],As Configured (if Native),,
0x7,0x0,0x0,,,,,ECX,2,2,1,UMIP,N/A,,Native,,
0x7,0x0,0x0,,,,,ECX,3,3,1,PKU,XFAM,XFAM[9],As Configured (if Native),,
0x7,0x0,0x0,,,,,ECX,4,4,1,OSPKE,N/A,,Calculated,CR4.PKE,
0x7,0x0,0x0,,,,,ECX,5,5,1,MONITORX/MWAITX,CPUID_CONFIG,,As Configured (if Native),,
0x7,0x0,0x0,,,,,ECX,6,6,1,AVX512_VBMI2,XFAM,XFAM[7:5],As Configured (if Native),,
0x7,0x0,0x0,,,,,ECX,7,7,1,CET Shadow Stack,XFAM,XFAM[12:11],As Configured (if Native),,
0x7,0x0,0x0,,,,,ECX,8,8,1,GFNI,N/A,,Native,,
0x7,0x0,0x0,,,,,ECX,9,9,1,VAES,XFAM,XFAM[2],As Configured (if Native),,
0x7,0x0,0x0,,,,,ECX,10,10,1,VPCLMULQDQ,XFAM,XFAM[2],As Configured (if Native),,
0x7,0x0,0x0,,,,,ECX,11,11,1,AVX512_VNNI,XFAM,XFAM[7:5],As Configured (if Native),,
0x7,0x0,0x0,,,,,ECX,12,12,1,AVX512_BITALG,XFAM,XFAM[7:5],As Configured (if Native),,
0x7,0x0,0x0,,,,,ECX,13,13,1,TME,CPUID_CONFIG,,As Configured (if Native),,
0x7,0x0,0x0,,,,,ECX,14,14,1,AVX512_VPOPCNTDQ,XFAM,XFAM[7:5],As Configured (if Native),,
0x7,0x0,0x0,,,,,ECX,15,15,1,FZM,N/A,,Fixed,0x0,
0x7,0x0,0x0,,,,,ECX,16,16,1,57 bit Address Support,N/A,,Native,,
0x7,0x0,0x0,,,,,ECX,21,17,5,MAWAU for MPX,N/A,,Fixed,0x0,
0x7,0x0,0x0,,,,,ECX,22,22,1,RDPID,N/A,,Native,,
0x7,0x0,0x0,,,,,ECX,23,23,1,KL_ENABLED,ATTRIBUTES,KL,As Configured (if Native),,
0x7,0x0,0x0,,,,,ECX,24,24,1,BUSLOCK,N/A,,Fixed,0x1,
0x7,0x0,0x0,,,,,ECX,25,25,1,CLDEMOTE,N/A,,Native,,
0x7,0x0,0x0,,,,,ECX,26,26,1,Reserved_26,N/A,,Native,,
0x7,0x0,0x0,,,,,ECX,27,27,1,MOVDIRI,N/A,,Native,,
0x7,0x0,0x0,,,,,ECX,28,28,1,MOVDIR64B,N/A,,Fixed,0x1,
0x7,0x0,0x0,,,,,ECX,29,29,1,ENQCMD,N/A,,Fixed,0x0,
0x7,0x0,0x0,,,,,ECX,30,30,1,SGX_LC,N/A,,Fixed,0x0,
0x7,0x0,0x0,,,,,ECX,31,31,1,PKS,ATTRIBUTES,PKS,As Configured (if Native),,
0x7,0x0,0x0,,,,,EDX,0,0,1,Reserved_0,N/A,,Fixed,0x0,
0x7,0x0,0x0,,,,,EDX,1,1,1,Reserved_1,N/A,,Fixed,0x0,
0x7,0x0,0x0,,,,,EDX,2,2,1,AVX512_4VNNIW,XFAM,XFAM[7:5],As Configured (if Native),,
0x7,0x0,0x0,,,,,EDX,3,3,1,AVX512_4FMAPS,XFAM,XFAM[7:5],As Configured (if Native),,
0x7,0x0,0x0,,,,,EDX,4,4,1,Fast Short REP MOV,N/A,,Native,,
0x7,0x0,0x0,,,,,EDX,5,5,1,ULI,XFAM,XFAM[14],As Configured (if Native),,
0x7,0x0,0x0,,,,,EDX,6,6,1,Reserved_6,N/A,,Fixed,0x0,
0x7,0x0,0x0,,,,,EDX,7,7,1,Reserved_7,N/A,,Fixed,0x0,
0x7,0x0,0x0,,,,,EDX,8,8,1,AVX512_VP2INTERSECT,XFAM,XFAM[7:5],As Configured (if Native),,
0x7,0x0,0x0,,,,,EDX,9,9,1,Reserved_9,N/A,,Fixed,0x0,
0x7,0x0,0x0,,,,,EDX,10,10,1,MD_CLEAR supported,N/A,,Native,,
0x7,0x0,0x0,,,,,EDX,11,11,1,Reserved_11,N/A,,Fixed,0x0,
0x7,0x0,0x0,,,,,EDX,12,12,1,Reserved_12,N/A,,Fixed,0x0,
0x7,0x0,0x0,,,,,EDX,13,13,1,Reserved_13,N/A,,Fixed,0x0,
0x7,0x0,0x0,,,,,EDX,14,14,1,SERIALIZE Inst,N/A,,Native,,
0x7,0x0,0x0,,,,,EDX,15,15,1,Hetero Part,N/A,,Native,,
0x7,0x0,0x0,,,,,EDX,16,16,1,TSXLDTRK,N/A,,Native,,
0x7,0x0,0x0,,,,,EDX,17,17,1,Reserved_17,N/A,,Fixed,0x0,
0x7,0x0,0x0,,,,,EDX,18,18,1,PCONFIG,CPUID_CONFIG,,As Configured (if Native),,
0x7,0x0,0x0,,,,,EDX,19,19,1,Architectural LBR support,XFAM,XFAM[15],As Configured (if Native),,
0x7,0x0,0x0,,,,,EDX,20,20,1,CET,XFAM,XFAM[12:11],As Configured (if Native),,
0x7,0x0,0x0,,,,,EDX,21,21,1,Reserved_21,N/A,,Fixed,0x0,
0x7,0x0,0x0,,,,,EDX,22,22,1,TMUL_AMX-BF16,XFAM,XFAM[18:17],As Configured (if Native),,
0x7,0x0,0x0,,,,,EDX,23,23,1,FP16,XFAM,XFAM[7:5],As Configured (if Native),,
0x7,0x0,0x0,,,,,EDX,24,24,1,TMUL_AMX-TILE,XFAM,XFAM[18:17],As Configured (if Native),,
0x7,0x0,0x0,,,,,EDX,25,25,1,TMUL_AMX-INT8,XFAM,XFAM[18:17],As Configured (if Native),,
0x7,0x0,0x0,,,,,EDX,26,26,1,IBRS (indirect branch restricted speculation),N/A,,Fixed,0x1,
0x7,0x0,0x0,,,,,EDX,27,27,1,STIBP (single thread indirect branch predictors),N/A,,Native,,
0x7,0x0,0x0,,,,,EDX,28,28,1,L1D_FLUSH.  IA32_FLUSH_CMD support.,N/A,,Native,,
0x7,0x0,0x0,,,,,EDX,29,29,1,IA32_ARCH_CAPABILITIES Support,N/A,,Fixed,0x1,
0x7,0x0,0x0,,,,,EDX,30,30,1,IA32_CORE_CAPABILITIES Present,N/A,,Fixed,0x1,
0x7,0x0,0x0,,,,,EDX,31,31,1,SSBD (Speculative Store Bypass Disable),N/A,,Fixed,0x1,
0x7,0x1,0x1,Sub-Leaf,Structured Extended Feature Flags,Sub-Leaf 1,Leaf 0x7 / Sub-Leaf 0x1,,,,,Leaf 0x7 / Sub-Leaf 0x1,,,,,
0x7,0x1,0x1,,,,,EAX,2,0,3,Reserved_3_0,N/A,,Fixed,0x0,
0x7,0x1,0x1,,,,,EAX,3,3,1,Reserved_4,N/A,,Fixed,0x0,
0x7,0x1,0x1,,,,,EAX,4,4,1,VEX VNNI,XFAM,XFAM[2],As Configured (if Native),,
0x7,0x1,0x1,,,,,EAX,5,5,1,AVX512_BF16,XFAM,XFAM[7:5],As Configured (if Native),,
0x7,0x1,0x1,,,,,EAX,6,6,1,Reserved_6,N/A,,Fixed,0x0,
0x7,0x1,0x1,,,,,EAX,7,7,1,Reserved_7,N/A,,Fixed,0x0,
0x7,0x1,0x1,,,,,EAX,8,8,1,Reserved_8,N/A,,Fixed,0x0,
0x7,0x1,0x1,,,,,EAX,9,9,1,Reserved_9,N/A,,Fixed,0x0,
0x7,0x1,0x1,,,,,EAX,10,10,1,Fast Zero-Length MOVSB,N/A,,Native,,
0x7,0x1,0x1,,,,,EAX,11,11,1,Fast Short STOSB,N/A,,Native,,
0x7,0x1,0x1,,,,,EAX,12,12,1,Fast short CMPSB/SCASB,N/A,,Native,,
0x7,0x1,0x1,,,,,EAX,21,13,9,Reserved_21_13,N/A,,Fixed,0x0,
0x7,0x1,0x1,,,,,EAX,22,22,1,HRESET,N/A,,Fixed,0x0,
0x7,0x1,0x1,,,,,EAX,23,23,1,Reserved_23,N/A,,Fixed,0x0,
0x7,0x1,0x1,,,,,EAX,24,24,1,Reserved_24,N/A,,Fixed,0x0,
0x7,0x1,0x1,,,,,EAX,31,25,7,Reserved_31_25,N/A,,Fixed,0x0,
0x7,0x1,0x1,,,,,EBX,31,0,32,Reserved,N/A,,Fixed,0x0,
0x7,0x1,0x1,,,,,ECX,31,0,32,Reserved,N/A,,Fixed,0x0,
0x7,0x1,0x1,,,,,EDX,31,0,32,Reserved,N/A,,Fixed,0x0,
0x7,0x2,0x2,Sub-Leaf,Reserved,0,Leaf 0x7 / Sub-Leaf 0x2,,,,,Leaf 0x7 / Sub-Leaf 0x2,,,#VE,,
0x7,0x2,0x2,,,,,EAX,31,0,32,Reserved,N/A,,#VE,,
0x7,0x2,0x2,,,,,EBX,31,0,32,Reserved,N/A,,#VE,,
0x7,0x2,0x2,,,,,ECX,31,0,32,Reserved,N/A,,#VE,,
0x7,0x2,0x2,,,,,EDX,31,0,32,Reserved,N/A,,#VE,,
0x8,N/A,N/A,Leaf,Reserved - formerly RT,,Leaf 0x8,,,,,Leaf 0x8,,,,,
0x8,N/A,N/A,,,,,EAX,31,0,32,Reserved,N/A,,Fixed,0x0,
0x8,N/A,N/A,,,,,EBX,31,0,32,Reserved,N/A,,Fixed,0x0,
0x8,N/A,N/A,,,,,ECX,31,0,32,Reserved,N/A,,Fixed,0x0,
0x8,N/A,N/A,,,,,EDX,31,0,32,Reserved,N/A,,Fixed,0x0,
0x9,N/A,N/A,Leaf,Direct Cache Access Information,,Leaf 0x9,,,,,Leaf 0x9,,,#VE,,
0x9,N/A,N/A,,,,,EAX,31,0,32,IA32_PLATFORM_DCA_CAP,N/A,,#VE,,
0x9,N/A,N/A,,,,,EBX,31,0,32,Reserved,N/A,,#VE,,
0x9,N/A,N/A,,,,,ECX,31,0,32,Reserved,N/A,,#VE,,
0x9,N/A,N/A,,,,,EDX,31,0,32,Reserved,N/A,,#VE,,
0xa,N/A,N/A,Leaf,Architectural Performance Monitoring,,Leaf 0xa,,,,,Leaf 0xa,,,,,
0xa,N/A,N/A,,,,,EAX,7,0,8,Version,ATTRIBUTES,PERFMON,As Configured (if Native),,
0xa,N/A,N/A,,,,,EAX,15,8,8,Number of GP Counters,ATTRIBUTES,PERFMON,As Configured (if Native),,
0xa,N/A,N/A,,,,,EAX,23,16,8,Width of GP Counters,ATTRIBUTES,PERFMON,As Configured (if Native),,
0xa,N/A,N/A,,,,,EAX,31,24,8,Length of EBX Vector,ATTRIBUTES,PERFMON,As Configured (if Native),,
0xa,N/A,N/A,,,,,EBX,0,0,1,Core Cycles Not Available,ATTRIBUTES,PERFMON,As Configured (if Native),,
0xa,N/A,N/A,,,,,EBX,1,1,1,Instructions Retired Not Available,ATTRIBUTES,PERFMON,As Configured (if Native),,
0xa,N/A,N/A,,,,,EBX,2,2,1,Reference Cycles Not Available,ATTRIBUTES,PERFMON,As Configured (if Native),,
0xa,N/A,N/A,,,,,EBX,3,3,1,Last-Level Cache References Not Available,ATTRIBUTES,PERFMON,As Configured (if Native),,
0xa,N/A,N/A,,,,,EBX,4,4,1,Last-Level Cache Misses Not Available,ATTRIBUTES,PERFMON,As Configured (if Native),,
0xa,N/A,N/A,,,,,EBX,5,5,1,Branch Instruction Retired Not Available,ATTRIBUTES,PERFMON,As Configured (if Native),,
0xa,N/A,N/A,,,,,EBX,6,6,1,Branch Mispredict Retired Not Available,ATTRIBUTES,PERFMON,As Configured (if Native),,
0xa,N/A,N/A,,,,,EBX,31,7,25,Reserved,ATTRIBUTES,PERFMON,As Configured (if Native),,
0xa,N/A,N/A,,,,,ECX,3,0,4,Fixed Counter Support,ATTRIBUTES,PERFMON,As Configured (if Native),,
0xa,N/A,N/A,,,,,ECX,31,4,28,Reserved,ATTRIBUTES,PERFMON,As Configured (if Native),,
0xa,N/A,N/A,,,,,EDX,4,0,5,Number of Fixed-Function Counters,ATTRIBUTES,PERFMON,As Configured (if Native),,
0xa,N/A,N/A,,,,,EDX,12,5,8,Width of Fixed-Function Counters,ATTRIBUTES,PERFMON,As Configured (if Native),,
0xa,N/A,N/A,,,,,EDX,13,13,1,Reserved_13,ATTRIBUTES,PERFMON,As Configured (if Native),,
0xa,N/A,N/A,,,,,EDX,14,14,1,Reserved_14,ATTRIBUTES,PERFMON,As Configured (if Native),,
0xa,N/A,N/A,,,,,EDX,15,15,1,AnyThread Deprecation,ATTRIBUTES,PERFMON,As Configured (if Native),,
0xa,N/A,N/A,,,,,EDX,16,16,1,TopDown Support,ATTRIBUTES,PERFMON,As Configured (if Native),,
0xa,N/A,N/A,,,,,EDX,23,17,7,Reserved_23_17,ATTRIBUTES,PERFMON,As Configured (if Native),,
0xa,N/A,N/A,,,,,EDX,31,24,8,Bit Vector Length,ATTRIBUTES,PERFMON,As Configured (if Native),,
0xb,0x0,0x0,Leaf,Extended Topology Enumeration,SMT,Leaf 0xb / Sub-Leaf 0x0,,,,,Leaf 0xb / Sub-Leaf 0x0,,,#VE,,
0xb,0x0,0x0,,,,,EAX,3,0,4,Shift Count,N/A,,#VE,,
0xb,0x0,0x0,,,,,EAX,4,4,1,0,N/A,,#VE,,
0xb,0x0,0x0,,,,,EAX,31,5,27,Reserved,N/A,,#VE,,
0xb,0x0,0x0,,,,,EBX,15,0,16,Logical Processors at this Level,N/A,,#VE,,
0xb,0x0,0x0,,,,,EBX,31,16,16,Reserved,N/A,,#VE,,
0xb,0x0,0x0,,,,,ECX,7,0,8,Level Number,N/A,,#VE,,
0xb,0x0,0x0,,,,,ECX,15,8,8,Level Type,N/A,,#VE,,
0xb,0x0,0x0,,,,,ECX,31,16,16,Reserved,N/A,,#VE,,
0xb,0x0,0x0,,,,,EDX,31,0,32,X2APIC ID,N/A,,#VE,,
0xb,0x1,0x1,Sub-Leaf,Extended Topology Enumeration,Core,Leaf 0xb / Sub-Leaf 0x1,,,,,Leaf 0xb / Sub-Leaf 0x1,,,#VE,,
0xb,0x1,0x1,,,,,EAX,3,0,4,Shift Count,N/A,,#VE,,
0xb,0x1,0x1,,,,,EAX,4,4,1,0,N/A,,#VE,,
0xb,0x1,0x1,,,,,EAX,31,5,27,Reserved,N/A,,#VE,,
0xb,0x1,0x1,,,,,EBX,15,0,16,Logical Processors at this Level,N/A,,#VE,,
0xb,0x1,0x1,,,,,EBX,31,16,16,Reserved,N/A,,#VE,,
0xb,0x1,0x1,,,,,ECX,7,0,8,Level Number,N/A,,#VE,,
0xb,0x1,0x1,,,,,ECX,15,8,8,Level Type,N/A,,#VE,,
0xb,0x1,0x1,,,,,ECX,31,16,16,Reserved,N/A,,#VE,,
0xb,0x1,0x1,,,,,EDX,31,0,32,X2APIC ID,N/A,,#VE,,
0xb,0x2,0x1F,Sub-Leaf,Extended Topology Enumeration,0,Leaf 0xb / Sub-Leaves 0x2-0x1F,,,,,Leaf 0xb / Sub-Leaves 0x2-0x1F,,,#VE,,
0xb,0x2,0x1F,,,,,EAX,4,0,5,Shift Count,N/A,,#VE,,
0xb,0x2,0x1F,,,,,EAX,31,5,27,Reserved,N/A,,#VE,,
0xb,0x2,0x1F,,,,,EBX,15,0,16,Logical Processors at this Level,N/A,,#VE,,
0xb,0x2,0x1F,,,,,EBX,31,16,16,Reserved,N/A,,#VE,,
0xb,0x2,0x1F,,,,,ECX,7,0,8,Level Number,N/A,,#VE,,
0xb,0x2,0x1F,,,,,ECX,15,8,8,Level Type,N/A,,#VE,,
0xb,0x2,0x1F,,,,,ECX,31,16,16,Reserved,N/A,,#VE,,
0xb,0x2,0x1F,,,,,EDX,31,0,32,X2APIC ID,N/A,,#VE,,
0xc,N/A,N/A,Leaf,Leaf C Reserved,,Leaf 0xc,,,,,Leaf 0xc,,,#VE,,
0xc,N/A,N/A,,,,,EAX,31,0,32,Reserved,N/A,,#VE,,
0xc,N/A,N/A,,,,,EBX,31,0,32,Reserved,N/A,,#VE,,
0xc,N/A,N/A,,,,,ECX,31,0,32,Reserved,N/A,,#VE,,
0xc,N/A,N/A,,,,,EDX,31,0,32,Reserved,N/A,,#VE,,
0xd,0x0,0x0,Leaf,Processor Extended State Enumeration,Main Leaf,Leaf 0xd / Sub-Leaf 0x0,,,,,Leaf 0xd / Sub-Leaf 0x0,,,,,
0xd,0x0,0x0,,,,,EAX,0,0,1,X87,N/A,,Fixed,0x1,
0xd,0x0,0x0,,,,,EAX,1,1,1,SSE,N/A,,Fixed,0x1,
0xd,0x0,0x0,,,,,EAX,2,2,1,AVX256,XFAM,XFAM[2],As Configured (if Native),,
0xd,0x0,0x0,,,,,EAX,3,3,1,PL_BNDREGS,N/A,,Fixed,0x0,
0xd,0x0,0x0,,,,,EAX,4,4,1,PL_BNDCFS,N/A,,Fixed,0x0,
0xd,0x0,0x0,,,,,EAX,5,5,1,KMASK,XFAM,XFAM[7:5],As Configured (if Native),,
0xd,0x0,0x0,,,,,EAX,6,6,1,AVX3 ZMM 15:0,XFAM,XFAM[7:5],As Configured (if Native),,
0xd,0x0,0x0,,,,,EAX,7,7,1,AVX3 ZMM 31:18,XFAM,XFAM[7:5],As Configured (if Native),,
0xd,0x0,0x0,,,,,EAX,8,8,1,Reserved_8,N/A,,Fixed,0x0,
0xd,0x0,0x0,,,,,EAX,9,9,1,PKRU,XFAM,XFAM[9],As Configured (if Native),,
0xd,0x0,0x0,,,,,EAX,16,10,7,Reserved_16_10,N/A,,Fixed,0x0,
0xd,0x0,0x0,,,,,EAX,17,17,1,AMX - XTILECFG,XFAM,XFAM[18:17],As Configured (if Native),,
0xd,0x0,0x0,,,,,EAX,18,18,1,AMX - XTILEDATA,XFAM,XFAM[18:17],As Configured (if Native),,
0xd,0x0,0x0,,,,,EAX,31,19,13,Reserved_31_19,N/A,,Fixed,0x0,
0xd,0x0,0x0,,,,,EBX,31,0,32,Max Bytes for Enabled Features,N/A,,Calculated,Native,
0xd,0x0,0x0,,,,,ECX,31,0,32,Max Bytes for Supported Features,XFAM,,As Configured,,
0xd,0x0,0x0,,,,,EDX,31,0,32,Reserved,N/A,,Fixed,0x0,
0xd,0x1,0x1,Sub-Leaf,Processor Extended State Enumeration,XSAVES,Leaf 0xd / Sub-Leaf 0x1,,,,,Leaf 0xd / Sub-Leaf 0x1,,,,,
0xd,0x1,0x1,,,,,EAX,0,0,1,Supports XSAVEOPT,N/A,,Fixed,0x1,
0xd,0x1,0x1,,,,,EAX,1,1,1,Supports XSAVEC and compacted XRSTOR,N/A,,Fixed,0x1,
0xd,0x1,0x1,,,,,EAX,2,2,1,Supports XGETBV with ECX = 1,N/A,,Native,,
0xd,0x1,0x1,,,,,EAX,3,3,1,Supports XSAVES/XRSTORS and IA32_XSS,N/A,,Fixed,0x1,
0xd,0x1,0x1,,,,,EAX,4,4,1,XFD support,XFAM,,As Configured,,
0xd,0x1,0x1,,,,,EAX,31,5,27,Reserved,N/A,,Fixed,0x0,
0xd,0x1,0x1,,,,,EBX,31,0,32,Max Bytes for Enabled Features,N/A,,Calculated,Native,
0xd,0x1,0x1,,,,,ECX,7,0,8,reserved_7_0,N/A,,Fixed,0x0,
0xd,0x1,0x1,,,,,ECX,8,8,1,XSS_RTIT,XFAM,XFAM[8],As Configured (if Native),,
0xd,0x1,0x1,,,,,ECX,9,9,1,reserved_9,N/A,,Fixed,0x0,
0xd,0x1,0x1,,,,,ECX,10,10,1,PASID,N/A,,Fixed,0x0,
0xd,0x1,0x1,,,,,ECX,11,11,1,U_CET,XFAM,XFAM[12:11],As Configured (if Native),,
0xd,0x1,0x1,,,,,ECX,12,12,1,S_CET,XFAM,XFAM[12:11],As Configured (if Native),,
0xd,0x1,0x1,,,,,ECX,13,13,1,HDC,N/A,,Fixed,0x0,
0xd,0x1,0x1,,,,,ECX,14,14,1,ULI/UNIT,XFAM,XFAM[14],As Configured (if Native),,
0xd,0x1,0x1,,,,,ECX,15,15,1,XSS_ARCH_LBRS,XFAM,XFAM[15],As Configured (if Native),,
0xd,0x1,0x1,,,,,ECX,16,16,1,HWP Request,N/A,,Fixed,0x0,
0xd,0x1,0x1,,,,,ECX,31,17,15,Reserved_31_17,N/A,,Fixed,0x0,
0xd,0x1,0x1,,,,,EDX,31,0,32,Reserved,N/A,,Fixed,0x0,
0xd,0x2,0x12,Sub-Leaf,Processor Extended State Enumeration,Ext. Feature N,Leaf 0xd / Sub-Leaves 0x2-0x12,,,,,Leaf 0xd / Sub-Leaves 0x2-0x12,,,,,
0xd,0x2,0x12,,,,,EAX,31,0,32,Size,XFAM,XFAM[n],As Configured (if Native),,
0xd,0x2,0x12,,,,,EBX,31,0,32,Offset,XFAM,XFAM[n],As Configured (if Native),,
0xd,0x2,0x12,,,,,ECX,0,0,1,IA32_XSS,XFAM,XFAM[n],As Configured (if Native),,
0xd,0x2,0x12,,,,,ECX,1,1,1,0,XFAM,XFAM[n],As Configured (if Native),,
0xd,0x2,0x12,,,,,ECX,31,2,30,0,XFAM,XFAM[n],As Configured (if Native),,
0xd,0x2,0x12,,,,,EDX,31,0,32,Reserved,XFAM,XFAM[n],As Configured (if Native),,
0xe,N/A,N/A,Leaf,PCID,,Leaf 0xe,,,,,Leaf 0xe,,,,,
0xe,N/A,N/A,,,,,EAX,31,0,32,Reserved,N/A,,Fixed,0x0,
0xe,N/A,N/A,,,,,EBX,31,0,32,Reserved,N/A,,Fixed,0x0,
0xe,N/A,N/A,,,,,ECX,31,0,32,Reserved,N/A,,Fixed,0x0,
0xe,N/A,N/A,,,,,EDX,31,0,32,Reserved,N/A,,Fixed,0x0,
0xf,0x0,0x0,Leaf,Platform QoS Monitoring,Monitoring Enumeration,Leaf 0xf / Sub-Leaf 0x0,,,,,Leaf 0xf / Sub-Leaf 0x0,,,#VE,,
0xf,0x0,0x0,,,,,EAX,31,0,32,Reserved,N/A,,#VE,,
0xf,0x0,0x0,,,,,EBX,31,0,32,Max RMID,N/A,,#VE,,
0xf,0x0,0x0,,,,,ECX,31,0,32,Reserved,N/A,,#VE,,
0xf,0x0,0x0,,,,,EDX,0,0,1,Supports L3 Monitoring,N/A,,#VE,,
0xf,0x0,0x0,,,,,EDX,1,1,1,0,N/A,,#VE,,
0xf,0x0,0x0,,,,,EDX,2,2,1,0,N/A,,#VE,,
0xf,0x0,0x0,,,,,EDX,31,3,29,Reserved,N/A,,#VE,,
0xf,0x1,0x1,Sub-Leaf,Platform QoS Monitoring,L3 Capability Enumeration,Leaf 0xf / Sub-Leaf 0x1,,,,,Leaf 0xf / Sub-Leaf 0x1,,,#VE,,
0xf,0x1,0x1,,,,,EAX,31,0,32,Counter Length (as offset from 24b),N/A,,#VE,,
0xf,0x1,0x1,,,,,EBX,31,0,32,QM Counter Conversion Factor,N/A,,#VE,,
0xf,0x1,0x1,,,,,ECX,31,0,32,Max RMID,N/A,,#VE,,
0xf,0x1,0x1,,,,,EDX,0,0,1,Supports L3 Monitoring,N/A,,#VE,,
0xf,0x1,0x1,,,,,EDX,1,1,1,0,N/A,,#VE,,
0xf,0x1,0x1,,,,,EDX,2,2,1,0,N/A,,#VE,,
0xf,0x1,0x1,,,,,EDX,31,3,29,Reserved,N/A,,#VE,,
0x10,0x0,0x0,Leaf,Platform QoS Enforcement,Main,Leaf 0x10 / Sub-Leaf 0x0,,,,,Leaf 0x10 / Sub-Leaf 0x0,,,#VE,,
0x10,0x0,0x0,,,,,EAX,31,0,32,Reserved,N/A,,#VE,,
0x10,0x0,0x0,,,,,EBX,0,0,1,Reserved_0,N/A,,#VE,,
0x10,0x0,0x0,,,,,EBX,1,1,1,L3,N/A,,#VE,,
0x10,0x0,0x0,,,,,EBX,2,2,1,L2,N/A,,#VE,,
0x10,0x0,0x0,,,,,EBX,3,3,1,L2_TO_L3_RBE,N/A,,#VE,,
0x10,0x0,0x0,,,,,EBX,31,4,28,Reserved_31_4,N/A,,#VE,,
0x10,0x0,0x0,,,,,ECX,31,0,32,Reserved,N/A,,#VE,,
0x10,0x0,0x0,,,,,EDX,31,0,32,Reserved,N/A,,#VE,,
0x10,0x1,0x1,Sub-Leaf,Platform QoS Enforcement,L3,Leaf 0x10 / Sub-Leaf 0x1,,,,,Leaf 0x10 / Sub-Leaf 0x1,,,#VE,,
0x10,0x1,0x1,,,,,EAX,11,0,12,Length of Mask,N/A,,#VE,,
0x10,0x1,0x1,,,,,EAX,31,12,20,0,N/A,,#VE,,
0x10,0x1,0x1,,,,,EBX,31,0,32,Bits In USE,N/A,,#VE,,
0x10,0x1,0x1,,,,,ECX,0,0,1,Reserved_1_0,N/A,,#VE,,
0x10,0x1,0x1,,,,,ECX,1,1,1,0,N/A,,#VE,,
0x10,0x1,0x1,,,,,ECX,2,2,1,CDP,N/A,,#VE,,
0x10,0x1,0x1,,,,,ECX,31,3,29,Reserved_31_3,N/A,,#VE,,
0x10,0x1,0x1,,,,,EDX,15,0,16,COS,N/A,,#VE,,
0x10,0x1,0x1,,,,,EDX,31,16,16,Reserved,N/A,,#VE,,
0x10,0x2,0x2,Sub-Leaf,Platform QoS Enforcement,L2,Leaf 0x10 / Sub-Leaf 0x2,,,,,Leaf 0x10 / Sub-Leaf 0x2,,,#VE,,
0x10,0x2,0x2,,,,,EAX,11,0,12,Length of Mask,N/A,,#VE,,
0x10,0x2,0x2,,,,,EAX,31,12,20,0,N/A,,#VE,,
0x10,0x2,0x2,,,,,EBX,31,0,32,Bits In USE,N/A,,#VE,,
0x10,0x2,0x2,,,,,ECX,0,0,1,Reserved_1_0,N/A,,#VE,,
0x10,0x2,0x2,,,,,ECX,1,1,1,0,N/A,,#VE,,
0x10,0x2,0x2,,,,,ECX,2,2,1,CDP,N/A,,#VE,,
0x10,0x2,0x2,,,,,ECX,31,3,29,Reserved_31_3,N/A,,#VE,,
0x10,0x2,0x2,,,,,EDX,15,0,16,COS,N/A,,#VE,,
0x10,0x2,0x2,,,,,EDX,31,16,16,Reserved,N/A,,#VE,,
0x10,0x3,0x3,Sub-Leaf,Platform QoS Enforcement,L3 Resource Bandwidth Enforcement,Leaf 0x10 / Sub-Leaf 0x3,,,,,Leaf 0x10 / Sub-Leaf 0x3,,,#VE,,
0x10,0x3,0x3,,,,,EAX,11,0,12,RBE Max Value,N/A,,#VE,,
0x10,0x3,0x3,,,,,EAX,31,12,20,Reserved,N/A,,#VE,,
0x10,0x3,0x3,,,,,EBX,31,0,32,Reserved,N/A,,#VE,,
0x10,0x3,0x3,,,,,ECX,0,0,1,Per-thread MBA controls are supported,N/A,,#VE,,
0x10,0x3,0x3,,,,,ECX,1,1,1,0,N/A,,#VE,,
0x10,0x3,0x3,,,,,ECX,2,2,1,Throttling value is linear,N/A,,#VE,,
0x10,0x3,0x3,,,,,ECX,31,3,29,Reserved_31_3,N/A,,#VE,,
0x10,0x3,0x3,,,,,EDX,15,0,16,COS,N/A,,#VE,,
0x10,0x3,0x3,,,,,EDX,31,16,16,Reserved,N/A,,#VE,,
0x11,N/A,N/A,Leaf,Reserved - CPU Manufactoring Date,,Leaf 0x11,,,,,Leaf 0x11,,,,,
0x11,N/A,N/A,,,,,EAX,31,0,32,Reserved,N/A,,Fixed,0x0,
0x11,N/A,N/A,,,,,EBX,31,0,32,Reserved,N/A,,Fixed,0x0,
0x11,N/A,N/A,,,,,ECX,31,0,32,Reserved,N/A,,Fixed,0x0,
0x11,N/A,N/A,,,,,EDX,31,0,32,Reserved,N/A,,Fixed,0x0,
0x12,N/A,N/A,Leaf,Software Guard Extensions,,Leaf 0x12,,,,,Leaf 0x12,,,,,
0x12,N/A,N/A,,,,,EAX,31,0,32,Reserved,N/A,,Fixed,0x0,
0x12,N/A,N/A,,,,,EBX,31,0,32,Reserved,N/A,,Fixed,0x0,
0x12,N/A,N/A,,,,,ECX,31,0,32,Reserved,N/A,,Fixed,0x0,
0x12,N/A,N/A,,,,,EDX,31,0,32,Reserved,N/A,,Fixed,0x0,
0x13,N/A,N/A,Leaf,Reserved,,Leaf 0x13,,,,,Leaf 0x13,,,,,
0x13,N/A,N/A,,,,,EAX,31,0,32,Reserved,N/A,,Fixed,0x0,
0x13,N/A,N/A,,,,,EBX,31,0,32,Reserved,N/A,,Fixed,0x0,
0x13,N/A,N/A,,,,,ECX,31,0,32,Reserved,N/A,,Fixed,0x0,
0x13,N/A,N/A,,,,,EDX,31,0,32,Reserved,N/A,,Fixed,0x0,
0x14,0x0,0x0,Leaf,Processor Trace,Main Leaf,Leaf 0x14 / Sub-Leaf 0x0,,,,,Leaf 0x14 / Sub-Leaf 0x0,,,,,
0x14,0x0,0x0,,,,,EAX,31,0,32,Max Valid Subleaf,XFAM,XFAM[8],As Configured (if Native),,
0x14,0x0,0x0,,,,,EBX,0,0,1,CR3 Filtering,XFAM,XFAM[8],As Configured (if Native),,
0x14,0x0,0x0,,,,,EBX,1,1,1,Cycle Accurate Mode,XFAM,XFAM[8],As Configured (if Native),,
0x14,0x0,0x0,,,,,EBX,2,2,1,IP Filtering,XFAM,XFAM[8],As Configured (if Native),,
0x14,0x0,0x0,,,,,EBX,3,3,1,MSRs Preserved Across Warm Reset,XFAM,XFAM[8],As Configured (if Native),,
0x14,0x0,0x0,,,,,EBX,4,4,1,PTWRITE Support,XFAM,XFAM[8],As Configured (if Native),,
0x14,0x0,0x0,,,,,EBX,5,5,1,Power Event Trace Support,XFAM,XFAM[8],As Configured (if Native),,
0x14,0x0,0x0,,,,,EBX,6,6,1,PSB/PMI Injection Support,XFAM,XFAM[8],As Configured (if Native),,
0x14,0x0,0x0,,,,,EBX,7,7,1,PT Event Trace Support,XFAM,XFAM[8],As Configured (if Native),,
0x14,0x0,0x0,,,,,EBX,31,8,24,Reserved,XFAM,XFAM[8],As Configured (if Native),,
0x14,0x0,0x0,,,,,ECX,0,0,1,ToPA Output Supported,XFAM,XFAM[8],As Configured (if Native),,
0x14,0x0,0x0,,,,,ECX,1,1,1,ToPA Tables Support Multiple Regions,XFAM,XFAM[8],As Configured (if Native),,
0x14,0x0,0x0,,,,,ECX,2,2,1,Single-Range Output Supported,XFAM,XFAM[8],As Configured (if Native),,
0x14,0x0,0x0,,,,,ECX,30,3,28,Reserved,XFAM,XFAM[8],As Configured (if Native),,
0x14,0x0,0x0,,,,,ECX,31,31,1,IP Payload Contains LIP,XFAM,XFAM[8],As Configured (if Native),,
0x14,0x0,0x0,,,,,EDX,31,0,32,Reserved,XFAM,XFAM[8],As Configured (if Native),,
0x14,0x1,0x1,Sub-Leaf,Processor Trace,Sub-Leaf 1,Leaf 0x14 / Sub-Leaf 0x1,,,,,Leaf 0x14 / Sub-Leaf 0x1,,,,,
0x14,0x1,0x1,,,,,EAX,1,0,2,MTC Period Options,XFAM,XFAM[8],As Configured (if Native),,
0x14,0x1,0x1,,,,,EAX,15,2,14,Reserved,XFAM,XFAM[8],As Configured (if Native),,
0x14,0x1,0x1,,,,,EAX,31,16,16,Number of Address Ranges Supported,XFAM,XFAM[8],As Configured (if Native),,
0x14,0x1,0x1,,,,,EBX,15,0,16,Cycle Thresholds,XFAM,XFAM[8],As Configured (if Native),,
0x14,0x1,0x1,,,,,EBX,31,16,16,PSB Frequencies,XFAM,XFAM[8],As Configured (if Native),,
0x14,0x1,0x1,,,,,ECX,31,0,32,Reserved,XFAM,XFAM[8],As Configured (if Native),,
0x14,0x1,0x1,,,,,EDX,31,0,32,Reserved,XFAM,XFAM[8],As Configured (if Native),,
0x15,N/A,N/A,Leaf,TSC / Crystal Clock Ratio,,Leaf 0x15,,,,,Leaf 0x15,,,,,
0x15,N/A,N/A,,,,,EAX,31,0,32,Denominator,N/A,,Fixed,0x1,
0x15,N/A,N/A,,,,,EBX,31,0,32,Numerator,Other,TSC_FREQUENCY,As Configured,,
0x15,N/A,N/A,,,,,ECX,31,0,32,Nominal ART Frequency,N/A,,Fixed,0x017D7840,
0x15,N/A,N/A,,,,,EDX,31,0,32,Reserved,N/A,,Fixed,0x0,
0x16,N/A,N/A,Leaf,Frequency,,Leaf 0x16,,,,,Leaf 0x16,,,#VE,,
0x16,N/A,N/A,,,,,EAX,15,0,16,Processor Base Frequency,N/A,,#VE,,
0x16,N/A,N/A,,,,,EAX,31,16,16,Reserved,N/A,,#VE,,
0x16,N/A,N/A,,,,,EBX,15,0,16,Maximum Frequency,N/A,,#VE,,
0x16,N/A,N/A,,,,,EBX,31,16,16,Reserved,N/A,,#VE,,
0x16,N/A,N/A,,,,,ECX,15,0,16,Bus (Reference) Frequency,N/A,,#VE,,
0x16,N/A,N/A,,,,,ECX,31,16,16,Reserved,N/A,,#VE,,
0x16,N/A,N/A,,,,,EDX,31,0,32,Reserved,N/A,,#VE,,
0x17,0x0,0x0,Leaf,SoC Identification,Main Leaf,Leaf 0x17 / Sub-Leaf 0x0,,,,,Leaf 0x17 / Sub-Leaf 0x0,,,#VE,,
0x17,0x0,0x0,,,,,EAX,31,0,32,Maximum Subleaf,N/A,,#VE,,
0x17,0x0,0x0,,,,,EBX,15,0,16,SoC Vendor ID,N/A,,#VE,,
0x17,0x0,0x0,,,,,EBX,16,16,1,IsVendorScheme,N/A,,#VE,,
0x17,0x0,0x0,,,,,EBX,31,17,15,Reserved_31_17,N/A,,#VE,,
0x17,0x0,0x0,,,,,ECX,31,0,32,Project ID,N/A,,#VE,,
0x17,0x0,0x0,,,,,EDX,31,0,32,Stepping ID,N/A,,#VE,,
0x17,0x1,0x1,Sub-Leaf,SoC Identification,0,Leaf 0x17 / Sub-Leaf 0x1,,,,,Leaf 0x17 / Sub-Leaf 0x1,,,#VE,,
0x17,0x1,0x1,,,,,EAX,31,0,32,0,N/A,,#VE,,
0x17,0x1,0x1,,,,,EBX,31,0,32,0,N/A,,#VE,,
0x17,0x1,0x1,,,,,ECX,31,0,32,0,N/A,,#VE,,
0x17,0x1,0x1,,,,,EDX,31,0,32,0,N/A,,#VE,,
0x17,0x2,0x2,Sub-Leaf,SoC Identification,0,Leaf 0x17 / Sub-Leaf 0x2,,,,,Leaf 0x17 / Sub-Leaf 0x2,,,#VE,,
0x17,0x2,0x2,,,,,EAX,31,0,32,0,N/A,,#VE,,
0x17,0x2,0x2,,,,,EBX,31,0,32,0,N/A,,#VE,,
0x17,0x2,0x2,,,,,ECX,31,0,32,0,N/A,,#VE,,
0x17,0x2,0x2,,,,,EDX,31,0,32,0,N/A,,#VE,,
0x17,0x3,0x3,Sub-Leaf,SoC Identification,0,Leaf 0x17 / Sub-Leaf 0x3,,,,,Leaf 0x17 / Sub-Leaf 0x3,,,#VE,,
0x17,0x3,0x3,,,,,EAX,31,0,32,0,N/A,,#VE,,
0x17,0x3,0x3,,,,,EBX,31,0,32,0,N/A,,#VE,,
0x17,0x3,0x3,,,,,ECX,31,0,32,0,N/A,,#VE,,
0x17,0x3,0x3,,,,,EDX,31,0,32,0,N/A,,#VE,,
0x18,0x0,0x0,Leaf,TLB Deterministic Parameters,0,Leaf 0x18 / Sub-Leaf 0x0,,,,,Leaf 0x18 / Sub-Leaf 0x0,,,#VE,,
0x18,0x0,0x0,,,,,EAX,31,0,32,MaxNumSubLeaves,N/A,,#VE,,
0x18,0x0,0x0,,,,,EBX,31,0,32,Not detailed here,N/A,,#VE,,
0x18,0x0,0x0,,,,,ECX,31,0,32,Number of sets,N/A,,#VE,,
0x18,0x0,0x0,,,,,EDX,31,0,32,Not detailed here,N/A,,#VE,,
0x18,0x1,0x1,Sub-Leaf,TLB Deterministic Parameters,0,Leaf 0x18 / Sub-Leaf 0x1,,,,,Leaf 0x18 / Sub-Leaf 0x1,,,#VE,,
0x18,0x1,0x1,,,,,EAX,31,0,32,Reserved,N/A,,#VE,,
0x18,0x1,0x1,,,,,EBX,0,0,1,4KB pages,N/A,,#VE,,
0x18,0x1,0x1,,,,,EBX,1,1,1,2MB pages,N/A,,#VE,,
0x18,0x1,0x1,,,,,EBX,2,2,1,4MB pages,N/A,,#VE,,
0x18,0x1,0x1,,,,,EBX,3,3,1,1GB pages,N/A,,#VE,,
0x18,0x1,0x1,,,,,EBX,7,4,4,Reserved_7_4,N/A,,#VE,,
0x18,0x1,0x1,,,,,EBX,10,8,3,Partitioning,N/A,,#VE,,
0x18,0x1,0x1,,,,,EBX,15,11,5,Reserved_15_11,N/A,,#VE,,
0x18,0x1,0x1,,,,,EBX,31,16,16,Ways of associativity,N/A,,#VE,,
0x18,0x1,0x1,,,,,ECX,31,0,32,Number of sets,N/A,,#VE,,
0x18,0x1,0x1,,,,,EDX,4,0,5,Translation Cache Type,N/A,,#VE,,
0x18,0x1,0x1,,,,,EDX,7,5,3,Translation Cache Level,N/A,,#VE,,
0x18,0x1,0x1,,,,,EDX,8,8,1,Fully associative structure,N/A,,#VE,,
0x18,0x1,0x1,,,,,EDX,13,9,5,Reserved,N/A,,#VE,,
0x18,0x1,0x1,,,,,EDX,25,14,12,Max threads sharing this cache,N/A,,#VE,,
0x18,0x1,0x1,,,,,EDX,31,26,6,Number of linear-address spaces for PCID,N/A,,#VE,,
0x18,0x2,0x2,Sub-Leaf,TLB Deterministic Parameters,0,Leaf 0x18 / Sub-Leaf 0x2,,,,,Leaf 0x18 / Sub-Leaf 0x2,,,#VE,,
0x18,0x2,0x2,,,,,EAX,31,0,32,Reserved,N/A,,#VE,,
0x18,0x2,0x2,,,,,EBX,0,0,1,4KB pages,N/A,,#VE,,
0x18,0x2,0x2,,,,,EBX,1,1,1,2MB pages,N/A,,#VE,,
0x18,0x2,0x2,,,,,EBX,2,2,1,4MB pages,N/A,,#VE,,
0x18,0x2,0x2,,,,,EBX,3,3,1,1GB pages,N/A,,#VE,,
0x18,0x2,0x2,,,,,EBX,7,4,4,Reserved_7_4,N/A,,#VE,,
0x18,0x2,0x2,,,,,EBX,10,8,3,Partitioning,N/A,,#VE,,
0x18,0x2,0x2,,,,,EBX,15,11,5,Reserved_15_11,N/A,,#VE,,
0x18,0x2,0x2,,,,,EBX,31,16,16,Ways of associativity,N/A,,#VE,,
0x18,0x2,0x2,,,,,ECX,31,0,32,Number of sets,N/A,,#VE,,
0x18,0x2,0x2,,,,,EDX,4,0,5,Translation Cache Type,N/A,,#VE,,
0x18,0x2,0x2,,,,,EDX,7,5,3,Translation Cache Level,N/A,,#VE,,
0x18,0x2,0x2,,,,,EDX,8,8,1,Fully associative structure,N/A,,#VE,,
0x18,0x2,0x2,,,,,EDX,13,9,5,Reserved,N/A,,#VE,,
0x18,0x2,0x2,,,,,EDX,25,14,12,Max threads sharing this cache,N/A,,#VE,,
0x18,0x2,0x2,,,,,EDX,31,26,6,Number of linear-address spaces for PCID,N/A,,#VE,,
0x18,0x3,0x3,Sub-Leaf,TLB Deterministic Parameters,0,Leaf 0x18 / Sub-Leaf 0x3,,,,,Leaf 0x18 / Sub-Leaf 0x3,,,#VE,,
0x18,0x3,0x3,,,,,EAX,31,0,32,Reserved,N/A,,#VE,,
0x18,0x3,0x3,,,,,EBX,0,0,1,4KB pages,N/A,,#VE,,
0x18,0x3,0x3,,,,,EBX,1,1,1,2MB pages,N/A,,#VE,,
0x18,0x3,0x3,,,,,EBX,2,2,1,4MB pages,N/A,,#VE,,
0x18,0x3,0x3,,,,,EBX,3,3,1,1GB pages,N/A,,#VE,,
0x18,0x3,0x3,,,,,EBX,7,4,4,Reserved_7_4,N/A,,#VE,,
0x18,0x3,0x3,,,,,EBX,10,8,3,Partitioning,N/A,,#VE,,
0x18,0x3,0x3,,,,,EBX,15,11,5,Reserved_15_11,N/A,,#VE,,
0x18,0x3,0x3,,,,,EBX,31,16,16,Ways of associativity,N/A,,#VE,,
0x18,0x3,0x3,,,,,ECX,31,0,32,Number of sets,N/A,,#VE,,
0x18,0x3,0x3,,,,,EDX,4,0,5,Translation Cache Type,N/A,,#VE,,
0x18,0x3,0x3,,,,,EDX,7,5,3,Translation Cache Level,N/A,,#VE,,
0x18,0x3,0x3,,,,,EDX,8,8,1,Fully associative structure,N/A,,#VE,,
0x18,0x3,0x3,,,,,EDX,13,9,5,Reserved,N/A,,#VE,,
0x18,0x3,0x3,,,,,EDX,25,14,12,Max threads sharing this cache,N/A,,#VE,,
0x18,0x3,0x3,,,,,EDX,31,26,6,Number of linear-address spaces for PCID,N/A,,#VE,,
0x18,0x4,0x4,Sub-Leaf,TLB Deterministic Parameters,0,Leaf 0x18 / Sub-Leaf 0x4,,,,,Leaf 0x18 / Sub-Leaf 0x4,,,#VE,,
0x18,0x4,0x4,,,,,EAX,31,0,32,Reserved,N/A,,#VE,,
0x18,0x4,0x4,,,,,EBX,0,0,1,4KB pages,N/A,,#VE,,
0x18,0x4,0x4,,,,,EBX,1,1,1,2MB pages,N/A,,#VE,,
0x18,0x4,0x4,,,,,EBX,2,2,1,4MB pages,N/A,,#VE,,
0x18,0x4,0x4,,,,,EBX,3,3,1,1GB pages,N/A,,#VE,,
0x18,0x4,0x4,,,,,EBX,7,4,4,Reserved_7_4,N/A,,#VE,,
0x18,0x4,0x4,,,,,EBX,10,8,3,Partitioning,N/A,,#VE,,
0x18,0x4,0x4,,,,,EBX,15,11,5,Reserved_15_11,N/A,,#VE,,
0x18,0x4,0x4,,,,,EBX,31,16,16,Ways of associativity,N/A,,#VE,,
0x18,0x4,0x4,,,,,ECX,31,0,32,Number of sets,N/A,,#VE,,
0x18,0x4,0x4,,,,,EDX,4,0,5,Translation Cache Type,N/A,,#VE,,
0x18,0x4,0x4,,,,,EDX,7,5,3,Translation Cache Level,N/A,,#VE,,
0x18,0x4,0x4,,,,,EDX,8,8,1,Fully associative structure,N/A,,#VE,,
0x18,0x4,0x4,,,,,EDX,13,9,5,Reserved,N/A,,#VE,,
0x18,0x4,0x4,,,,,EDX,25,14,12,Max threads sharing this cache,N/A,,#VE,,
0x18,0x4,0x4,,,,,EDX,31,26,6,Number of linear-address spaces for PCID,N/A,,#VE,,
0x18,0x5,0x5,Sub-Leaf,TLB Deterministic Parameters,0,Leaf 0x18 / Sub-Leaf 0x5,,,,,Leaf 0x18 / Sub-Leaf 0x5,,,#VE,,
0x18,0x5,0x5,,,,,EAX,31,0,32,Reserved,N/A,,#VE,,
0x18,0x5,0x5,,,,,EBX,0,0,1,4KB pages,N/A,,#VE,,
0x18,0x5,0x5,,,,,EBX,1,1,1,2MB pages,N/A,,#VE,,
0x18,0x5,0x5,,,,,EBX,2,2,1,4MB pages,N/A,,#VE,,
0x18,0x5,0x5,,,,,EBX,3,3,1,1GB pages,N/A,,#VE,,
0x18,0x5,0x5,,,,,EBX,7,4,4,Reserved_7_4,N/A,,#VE,,
0x18,0x5,0x5,,,,,EBX,10,8,3,Partitioning,N/A,,#VE,,
0x18,0x5,0x5,,,,,EBX,15,11,5,Reserved_15_11,N/A,,#VE,,
0x18,0x5,0x5,,,,,EBX,31,16,16,Ways of associativity,N/A,,#VE,,
0x18,0x5,0x5,,,,,ECX,31,0,32,Number of sets,N/A,,#VE,,
0x18,0x5,0x5,,,,,EDX,4,0,5,Translation Cache Type,N/A,,#VE,,
0x18,0x5,0x5,,,,,EDX,7,5,3,Translation Cache Level,N/A,,#VE,,
0x18,0x5,0x5,,,,,EDX,8,8,1,Fully associative structure,N/A,,#VE,,
0x18,0x5,0x5,,,,,EDX,13,9,5,Reserved,N/A,,#VE,,
0x18,0x5,0x5,,,,,EDX,25,14,12,Max threads sharing this cache,N/A,,#VE,,
0x18,0x5,0x5,,,,,EDX,31,26,6,Number of linear-address spaces for PCID,N/A,,#VE,,
0x18,0x6,0x6,Sub-Leaf,TLB Deterministic Parameters,0,Leaf 0x18 / Sub-Leaf 0x6,,,,,Leaf 0x18 / Sub-Leaf 0x6,,,#VE,,
0x18,0x6,0x6,,,,,EAX,31,0,32,Reserved,N/A,,#VE,,
0x18,0x6,0x6,,,,,EBX,0,0,1,4KB pages,N/A,,#VE,,
0x18,0x6,0x6,,,,,EBX,1,1,1,2MB pages,N/A,,#VE,,
0x18,0x6,0x6,,,,,EBX,2,2,1,4MB pages,N/A,,#VE,,
0x18,0x6,0x6,,,,,EBX,3,3,1,1GB pages,N/A,,#VE,,
0x18,0x6,0x6,,,,,EBX,7,4,4,Reserved_7_4,N/A,,#VE,,
0x18,0x6,0x6,,,,,EBX,10,8,3,Partitioning,N/A,,#VE,,
0x18,0x6,0x6,,,,,EBX,15,11,5,Reserved_15_11,N/A,,#VE,,
0x18,0x6,0x6,,,,,EBX,31,16,16,Ways of associativity,N/A,,#VE,,
0x18,0x6,0x6,,,,,ECX,31,0,32,Number of sets,N/A,,#VE,,
0x18,0x6,0x6,,,,,EDX,4,0,5,Translation Cache Type,N/A,,#VE,,
0x18,0x6,0x6,,,,,EDX,7,5,3,Translation Cache Leve,N/A,,#VE,,
0x18,0x6,0x6,,,,,EDX,8,8,1,Fully associative structure,N/A,,#VE,,
0x18,0x6,0x6,,,,,EDX,13,9,5,Reserved,N/A,,#VE,,
0x18,0x6,0x6,,,,,EDX,25,14,12,Max threads sharing this cache,N/A,,#VE,,
0x18,0x6,0x6,,,,,EDX,31,26,6,Number of linear-address spaces for PCID,N/A,,#VE,,
0x18,0x7,0x7,Sub-Leaf,TLB Deterministic Parameters,0,Leaf 0x18 / Sub-Leaf 0x7,,,,,Leaf 0x18 / Sub-Leaf 0x7,,,#VE,,
0x18,0x7,0x7,,,,,EAX,31,0,32,Reserved,N/A,,#VE,,
0x18,0x7,0x7,,,,,EBX,0,0,1,4KB pages,N/A,,#VE,,
0x18,0x7,0x7,,,,,EBX,1,1,1,2MB pages,N/A,,#VE,,
0x18,0x7,0x7,,,,,EBX,2,2,1,4MB pages,N/A,,#VE,,
0x18,0x7,0x7,,,,,EBX,3,3,1,1GB pages,N/A,,#VE,,
0x18,0x7,0x7,,,,,EBX,7,4,4,Reserved_7_4,N/A,,#VE,,
0x18,0x7,0x7,,,,,EBX,10,8,3,Partitioning,N/A,,#VE,,
0x18,0x7,0x7,,,,,EBX,15,11,5,Reserved_15_11,N/A,,#VE,,
0x18,0x7,0x7,,,,,EBX,31,16,16,Ways of associativity,N/A,,#VE,,
0x18,0x7,0x7,,,,,ECX,31,0,32,Number of sets,N/A,,#VE,,
0x18,0x7,0x7,,,,,EDX,4,0,5,Translation Cache Type,N/A,,#VE,,
0x18,0x7,0x7,,,,,EDX,7,5,3,Translation Cache Leve,N/A,,#VE,,
0x18,0x7,0x7,,,,,EDX,8,8,1,Fully associative structure,N/A,,#VE,,
0x18,0x7,0x7,,,,,EDX,13,9,5,Reserved,N/A,,#VE,,
0x18,0x7,0x7,,,,,EDX,25,14,12,Max threads sharing this cache,N/A,,#VE,,
0x18,0x7,0x7,,,,,EDX,31,26,6,Number of linear-address spaces for PCID,N/A,,#VE,,
0x18,0x8,0x8,Sub-Leaf,TLB Deterministic Parameters,0,Leaf 0x18 / Sub-Leaf 0x8,,,,,Leaf 0x18 / Sub-Leaf 0x8,,,#VE,,
0x18,0x8,0x8,,,,,EAX,31,0,32,Reserved,N/A,,#VE,,
0x18,0x8,0x8,,,,,EBX,0,0,1,4KB pages,N/A,,#VE,,
0x18,0x8,0x8,,,,,EBX,1,1,1,2MB pages,N/A,,#VE,,
0x18,0x8,0x8,,,,,EBX,2,2,1,4MB pages,N/A,,#VE,,
0x18,0x8,0x8,,,,,EBX,3,3,1,1GB pages,N/A,,#VE,,
0x18,0x8,0x8,,,,,EBX,7,4,4,Reserved_7_4,N/A,,#VE,,
0x18,0x8,0x8,,,,,EBX,10,8,3,Partitioning,N/A,,#VE,,
0x18,0x8,0x8,,,,,EBX,15,11,5,Reserved_15_11,N/A,,#VE,,
0x18,0x8,0x8,,,,,EBX,31,16,16,Ways of associativity,N/A,,#VE,,
0x18,0x8,0x8,,,,,ECX,31,0,32,Number of sets,N/A,,#VE,,
0x18,0x8,0x8,,,,,EDX,4,0,5,Translation Cache Type,N/A,,#VE,,
0x18,0x8,0x8,,,,,EDX,7,5,3,Translation Cache Leve,N/A,,#VE,,
0x18,0x8,0x8,,,,,EDX,8,8,1,Fully associative structure,N/A,,#VE,,
0x18,0x8,0x8,,,,,EDX,13,9,5,Reserved,N/A,,#VE,,
0x18,0x8,0x8,,,,,EDX,25,14,12,Max threads sharing this cache,N/A,,#VE,,
0x18,0x8,0x8,,,,,EDX,31,26,6,Number of linear-address spaces for PCID,N/A,,#VE,,
0x19,N/A,N/A,Leaf,KeyLocker,,Leaf 0x19,,,,,Leaf 0x19,,,,,
0x19,N/A,N/A,,,,,EAX,0,0,1,CPL0 Restriction,ATTRIBUTES,KL,As Configured (if Native),,
0x19,N/A,N/A,,,,,EAX,1,1,1,Decrypt only Restriction,ATTRIBUTES,KL,As Configured (if Native),,
0x19,N/A,N/A,,,,,EAX,2,2,1,Encrypt only Restriction,ATTRIBUTES,KL,As Configured (if Native),,
0x19,N/A,N/A,,,,,EAX,3,3,1,Process Restriction,ATTRIBUTES,KL,As Configured (if Native),,
0x19,N/A,N/A,,,,,EAX,31,4,28,Reserved_31_4,ATTRIBUTES,KL,As Configured (if Native),,
0x19,N/A,N/A,,,,,EBX,0,0,1,AES KL Enabled,ATTRIBUTES,KL,As Configured (if Native),,
0x19,N/A,N/A,,,,,EBX,1,1,1,Reserved,ATTRIBUTES,KL,As Configured (if Native),,
0x19,N/A,N/A,,,,,EBX,2,2,1,AES wide KL Support,ATTRIBUTES,KL,As Configured (if Native),,
0x19,N/A,N/A,,,,,EBX,3,3,1,Reserved,ATTRIBUTES,KL,As Configured (if Native),,
0x19,N/A,N/A,,,,,EBX,4,4,1,IW Key Backup Support,ATTRIBUTES,KL,As Configured (if Native),,
0x19,N/A,N/A,,,,,EBX,31,5,27,Reserved,ATTRIBUTES,KL,As Configured (if Native),,
0x19,N/A,N/A,,,,,ECX,0,0,1,LOADIWKEY No Backup parameter Support,ATTRIBUTES,KL,As Configured (if Native),,
0x19,N/A,N/A,,,,,ECX,1,1,1,Random IWKey Support,N/A,,Fixed,0x0,
0x19,N/A,N/A,,,,,ECX,31,2,30,Reserved,N/A,,Fixed,0x0,
0x19,N/A,N/A,,,,,EDX,31,0,32,Reserved,N/A,,Fixed,0x0,
0x1a,N/A,N/A,Leaf,Hybrid Information,,Leaf 0x1a,,,,,Leaf 0x1a,,,#VE,,
0x1a,N/A,N/A,,,,,EAX,23,0,24,Reserved,N/A,,#VE,,
0x1a,N/A,N/A,,,,,EAX,31,24,8,Core Type,N/A,,#VE,,
0x1a,N/A,N/A,,,,,EBX,31,0,32,Reserved,N/A,,#VE,,
0x1a,N/A,N/A,,,,,ECX,31,0,32,Reserved,N/A,,#VE,,
0x1a,N/A,N/A,,,,,EDX,31,0,32,Reserved,N/A,,#VE,,
0x1b,N/A,N/A,Leaf,MK TME,,Leaf 0x1b,,,,,Leaf 0x1b,,,#VE,,
0x1b,N/A,N/A,,,,,EAX,11,0,12,"Sub-leaf type.
0: Invalid sub-leaf.  On an invalid sub-leaf type returned, subsequent sub-leaves are also invalid.
EBX, ECX and EDX all return 0 for this case.
1:  Target Identifier. This sub-leaf enumerates PCONFIG targets supported on the platform.
Software must scan until an invalid sub-leaf type is returned. EBX, ECX and EDX are defined below
for this case.
",N/A,,#VE,,
0x1b,N/A,N/A,,,,,EAX,31,12,20,0,N/A,,#VE,,
0x1b,N/A,N/A,,,,,EBX,31,0,32,"Identifier of target 3n+1 (where n is the sub-leaf number, the initial value of ECX).",N/A,,#VE,,
0x1b,N/A,N/A,,,,,ECX,31,0,32,Identifier of target 3n+2.,N/A,,#VE,,
0x1b,N/A,N/A,,,,,EDX,31,0,32,Identifier of target 3n+3.,N/A,,#VE,,
0x1c,N/A,N/A,Leaf,Arch LBR Capabilities,,Leaf 0x1c,,,,,Leaf 0x1c,,,,,
0x1c,N/A,N/A,,,,,EAX,7,0,8,Supported LBR depth values,XFAM,XFAM[15],As Configured (if Native),,
0x1c,N/A,N/A,,,,,EAX,29,8,22,Reserved_29_8,XFAM,XFAM[15],As Configured (if Native),,
0x1c,N/A,N/A,,,,,EAX,30,30,1,Deep C-state May Reset,XFAM,XFAM[15],As Configured (if Native),,
0x1c,N/A,N/A,,,,,EAX,31,31,1,IP values contain LIP,XFAM,XFAM[15],As Configured (if Native),,
0x1c,N/A,N/A,,,,,EBX,0,0,1,CPL Filtering Supported,XFAM,XFAM[15],As Configured (if Native),,
0x1c,N/A,N/A,,,,,EBX,1,1,1,Branch Filtering Supported,XFAM,XFAM[15],As Configured (if Native),,
0x1c,N/A,N/A,,,,,EBX,2,2,1,Call-stack Mode Supported,XFAM,XFAM[15],As Configured (if Native),,
0x1c,N/A,N/A,,,,,EBX,31,3,29,Reserved_31_3,XFAM,XFAM[15],As Configured (if Native),,
0x1c,N/A,N/A,,,,,ECX,0,0,1,Mispredict Bit Supported,XFAM,XFAM[15],As Configured (if Native),,
0x1c,N/A,N/A,,,,,ECX,1,1,1,Timed LBRs Supported,XFAM,XFAM[15],As Configured (if Native),,
0x1c,N/A,N/A,,,,,ECX,2,2,1,Branch Type Field Supported,XFAM,XFAM[15],As Configured (if Native),,
0x1c,N/A,N/A,,,,,ECX,31,3,29,Reserved_31_3,XFAM,XFAM[15],As Configured (if Native),,
0x1c,N/A,N/A,,,,,EDX,31,0,32,Reserved,XFAM,XFAM[15],As Configured (if Native),,
0x1d,0x0,0x0,Leaf,AMX TILE,Main Sub-Leaf,Leaf 0x1d / Sub-Leaf 0x0,,,,,Leaf 0x1d / Sub-Leaf 0x0,,,,,
0x1d,0x0,0x0,,,,,EAX,0,0,1,TILE support,XFAM,XFAM[18:17],As Configured (if Native),,
0x1d,0x0,0x0,,,,,EAX,31,1,31,Reserved_31_1,XFAM,XFAM[18:17],As Configured (if Native),,
0x1d,0x0,0x0,,,,,EBX,31,0,32,Reserved,XFAM,XFAM[18:17],As Configured (if Native),,
0x1d,0x0,0x0,,,,,ECX,31,0,32,Reserved,XFAM,XFAM[18:17],As Configured (if Native),,
0x1d,0x0,0x0,,,,,EDX,31,0,32,Reserved,XFAM,XFAM[18:17],As Configured (if Native),,
0x1d,0x1,0x1,Sub-Leaf,AMX TILE,Pallette,Leaf 0x1d / Sub-Leaf 0x1,,,,,Leaf 0x1d / Sub-Leaf 0x1,,,,,
0x1d,0x1,0x1,,,,,EAX,15,0,16,total_tile_bytes,XFAM,XFAM[18:17],As Configured (if Native),,
0x1d,0x1,0x1,,,,,EAX,31,16,16,bytes_per_tile,XFAM,XFAM[18:17],As Configured (if Native),,
0x1d,0x1,0x1,,,,,EBX,15,0,16,bytes_per_row,XFAM,XFAM[18:17],As Configured (if Native),,
0x1d,0x1,0x1,,,,,EBX,31,16,16,max_names,XFAM,XFAM[18:17],As Configured (if Native),,
0x1d,0x1,0x1,,,,,ECX,15,0,16,max_rows,XFAM,XFAM[18:17],As Configured (if Native),,
0x1d,0x1,0x1,,,,,ECX,31,16,16,Reserved_31_16,XFAM,XFAM[18:17],As Configured (if Native),,
0x1d,0x1,0x1,,,,,EDX,31,0,32,Reserved,XFAM,XFAM[18:17],As Configured (if Native),,
0x1e,N/A,N/A,Leaf,TMUL,,Leaf 0x1e,,,,,Leaf 0x1e,,,,,
0x1e,N/A,N/A,,,,,EAX,31,0,32,Reserved,XFAM,XFAM[18:17],As Configured (if Native),,
0x1e,N/A,N/A,,,,,EBX,7,0,8,impl.tmul_maxk (rows or cols),XFAM,XFAM[18:17],As Configured (if Native),,
0x1e,N/A,N/A,,,,,EBX,23,8,16,impl.tmul_maxn (column bytes),XFAM,XFAM[18:17],As Configured (if Native),,
0x1e,N/A,N/A,,,,,EBX,31,24,8,Reserved_31_24,XFAM,XFAM[18:17],As Configured (if Native),,
0x1e,N/A,N/A,,,,,ECX,31,0,32,Reserved,XFAM,XFAM[18:17],As Configured (if Native),,
0x1e,N/A,N/A,,,,,EDX,31,0,32,Reserved,XFAM,XFAM[18:17],As Configured (if Native),,
0x1f,0x0,0x4,Leaf,V2 Extended Topology Enumeration,0,Leaf 0x1f / Sub-Leaves 0x0-0x4,,,,,Leaf 0x1f / Sub-Leaves 0x0-0x4,,,#VE,,
0x1f,0x0,0x4,,,,,EAX,4,0,5,Shift Count,N/A,,#VE,,
0x1f,0x0,0x4,,,,,EAX,31,5,27,Reserved,N/A,,#VE,,
0x1f,0x0,0x4,,,,,EBX,15,0,16,Logical Processors at this Level,N/A,,#VE,,
0x1f,0x0,0x4,,,,,EBX,31,16,16,Reserved,N/A,,#VE,,
0x1f,0x0,0x4,,,,,ECX,7,0,8,Level Number,N/A,,#VE,,
0x1f,0x0,0x4,,,,,ECX,15,8,8,Level Type,N/A,,#VE,,
0x1f,0x0,0x4,,,,,ECX,31,16,16,Reserved,N/A,,#VE,,
0x1f,0x0,0x4,,,,,EDX,31,0,32,X2APIC ID,N/A,,#VE,,
0x1f,0x5,0x5,Sub-Leaf,V2 Extended Topology Enumeration,0,Leaf 0x1f / Sub-Leaf 0x5,,,,,Leaf 0x1f / Sub-Leaf 0x5,,,#VE,,
0x1f,0x5,0x5,,,,,EAX,4,0,5,Shift Count,N/A,,#VE,,
0x1f,0x5,0x5,,,,,EAX,31,5,27,Reserved,N/A,,#VE,,
0x1f,0x5,0x5,,,,,EBX,15,0,16,Logical Processors at this Level,N/A,,#VE,,
0x1f,0x5,0x5,,,,,EBX,31,16,16,Reserved,N/A,,#VE,,
0x1f,0x5,0x5,,,,,ECX,7,0,8,Level Number,N/A,,#VE,,
0x1f,0x5,0x5,,,,,ECX,15,8,8,Level Type,N/A,,#VE,,
0x1f,0x5,0x5,,,,,ECX,31,16,16,Reserved,N/A,,#VE,,
0x1f,0x5,0x5,,,,,EDX,31,0,32,X2APIC ID,N/A,,#VE,,
0x20,N/A,N/A,Leaf,Reserved,,Leaf 0x20,,,,,Leaf 0x20,,,,,
0x20,N/A,N/A,,,,,EAX,31,0,32,Reserved,N/A,,Fixed,0x0,
0x20,N/A,N/A,,,,,EBX,31,0,32,Reserved,N/A,,Fixed,0x0,
0x20,N/A,N/A,,,,,ECX,31,0,32,Reserved,N/A,,Fixed,0x0,
0x20,N/A,N/A,,,,,EDX,31,0,32,Reserved,N/A,,Fixed,0x0,
0x21,0x0,0x0,Leaf,TDX Enumeration,0,Leaf 0x21 / Sub-Leaf 0x0,,,,,Leaf 0x21 / Sub-Leaf 0x0,,,,,
0x21,0x0,0x0,,,,,EAX,31,0,32,Maximum sub-leaf,N/A,,Fixed,0x00000000,
0x21,0x0,0x0,,,,,EBX,31,0,32,“Inte”,N/A,,Fixed,0x65746E49,
0x21,0x0,0x0,,,,,ECX,31,0,32,“    “,N/A,,Fixed,0x20202020,
0x21,0x0,0x0,,,,,EDX,31,0,32,“lTDX”,N/A,,Fixed,0x5844546C,
0x80000000,N/A,N/A,Leaf,Extended CPUID Information,,Leaf 0x80000000,,,,,Leaf 0x80000000,,,,,
0x80000000,N/A,N/A,,,,,EAX,31,0,32,MaxIndex,N/A,,Native,,
0x80000000,N/A,N/A,,,,,EBX,31,0,32,Reserved,N/A,,Fixed,0x0,
0x80000000,N/A,N/A,,,,,ECX,31,0,32,Reserved,N/A,,Fixed,0x0,
0x80000000,N/A,N/A,,,,,EDX,31,0,32,Reserved,N/A,,Fixed,0x0,
0x80000001,N/A,N/A,Leaf,Extended Processor Signature and Feature Flags,,Leaf 0x80000001,,,,,Leaf 0x80000001,,,,,
0x80000001,N/A,N/A,,,,,EAX,31,0,32,Reserved,N/A,,Fixed,0x0,
0x80000001,N/A,N/A,,,,,EBX,31,0,32,Reserved,N/A,,Fixed,0x0,
0x80000001,N/A,N/A,,,,,ECX,0,0,1,LAHF/SAHF in 64-bit Mode,N/A,,Native,,
0x80000001,N/A,N/A,,,,,ECX,4,1,4,Reserved_4_1,N/A,,Fixed,0x0,
0x80000001,N/A,N/A,,,,,ECX,5,5,1,LZCNT,N/A,,Native,,
0x80000001,N/A,N/A,,,,,ECX,7,6,2,Reserved_7_6,N/A,,Fixed,0x0,
0x80000001,N/A,N/A,,,,,ECX,8,8,1,PREFETCHW,N/A,,Native,,
0x80000001,N/A,N/A,,,,,ECX,31,9,23,Reserved_31_9,N/A,,Fixed,0x0,
0x80000001,N/A,N/A,,,,,EDX,10,0,11,Reserved_10_0,N/A,,Fixed,0x0,
0x80000001,N/A,N/A,,,,,EDX,11,11,1,SYSCALL/SYSRET in 64-bit Mode,N/A,,Native,,
0x80000001,N/A,N/A,,,,,EDX,19,12,8,Reserved_19_12,N/A,,Fixed,0x0,
0x80000001,N/A,N/A,,,,,EDX,20,20,1,Execute Disable Bit,N/A,,Fixed,0x1,
0x80000001,N/A,N/A,,,,,EDX,25,21,5,Reserved_25_21,N/A,,Fixed,0x0,
0x80000001,N/A,N/A,,,,,EDX,26,26,1,1GB Pages,N/A,,Fixed,0x1,
0x80000001,N/A,N/A,,,,,EDX,27,27,1,RDTSCP and IA32_TSC_AUX,N/A,,Fixed,0x1,
0x80000001,N/A,N/A,,,,,EDX,28,28,1,Reserved_28,N/A,,Fixed,0x0,
0x80000001,N/A,N/A,,,,,EDX,29,29,1,Intel 64,N/A,,Fixed,0x1,
0x80000001,N/A,N/A,,,,,EDX,31,30,2,Reserved_31_30,N/A,,Fixed,0x0,
0x80000002,N/A,N/A,Leaf,Processor Brand String (Bytes 0 to 15),,Leaf 0x80000002,,,,,Leaf 0x80000002,,,#VE,,
0x80000002,N/A,N/A,,,,,EAX,31,0,32, 31:0=Brand String Bytes 0 to 3,N/A,,#VE,,
0x80000002,N/A,N/A,,,,,EBX,31,0,32, 31:0=Brand String Bytes 4 to 7,N/A,,#VE,,
0x80000002,N/A,N/A,,,,,ECX,31,0,32, 31:0=Brand String Bytes 8 to 11,N/A,,#VE,,
0x80000002,N/A,N/A,,,,,EDX,31,0,32, 31:0=Brand String Bytes 12 to 15,N/A,,#VE,,
0x80000003,N/A,N/A,Leaf,Processor Brand String (Bytes 16 to 31),,Leaf 0x80000003,,,,,Leaf 0x80000003,,,#VE,,
0x80000003,N/A,N/A,,,,,EAX,31,0,32,0,N/A,,#VE,,
0x80000003,N/A,N/A,,,,,EBX,31,0,32,0,N/A,,#VE,,
0x80000003,N/A,N/A,,,,,ECX,31,0,32,0,N/A,,#VE,,
0x80000003,N/A,N/A,,,,,EDX,31,0,32,0,N/A,,#VE,,
0x80000004,N/A,N/A,Leaf,Processor Brand String (Bytes 32 to 47),,Leaf 0x80000004,,,,,Leaf 0x80000004,,,#VE,,
0x80000004,N/A,N/A,,,,,EAX,31,24,8, 31:0=Brand String Bytes 32 to 35,N/A,,#VE,,
0x80000004,N/A,N/A,,,,,EBX,31,24,8, 31:0=Brand String Bytes 36 to 39,N/A,,#VE,,
0x80000004,N/A,N/A,,,,,ECX,31,24,8, 31:0=Brand String Bytes 40 to 43,N/A,,#VE,,
0x80000004,N/A,N/A,,,,,EDX,31,24,8, 31:0=Brand String Bytes 44 to 47,N/A,,#VE,,
0x80000005,N/A,N/A,Leaf,Reserved,,Leaf 0x80000005,,,,,Leaf 0x80000005,,,#VE,,
0x80000005,N/A,N/A,,,,,EAX,31,0,32,Reserved,N/A,,#VE,,
0x80000005,N/A,N/A,,,,,EBX,31,0,32,Reserved,N/A,,#VE,,
0x80000005,N/A,N/A,,,,,ECX,31,0,32,Reserved,N/A,,#VE,,
0x80000005,N/A,N/A,,,,,EDX,31,0,32,Reserved,N/A,,#VE,,
0x80000006,N/A,N/A,Leaf,Cache Parameters,,Leaf 0x80000006,,,,,Leaf 0x80000006,,,#VE,,
0x80000006,N/A,N/A,,,,,EAX,31,0,32,Reserved,N/A,,#VE,,
0x80000006,N/A,N/A,,,,,EBX,31,0,32,Reserved,N/A,,#VE,,
0x80000006,N/A,N/A,,,,,ECX,7,0,8,Cache Line Size in Bytes,N/A,,#VE,,
0x80000006,N/A,N/A,,,,,ECX,11,8,4,Reserved_11_8,N/A,,#VE,,
0x80000006,N/A,N/A,,,,,ECX,15,12,4,L2 Associativity,N/A,,#VE,,
0x80000006,N/A,N/A,,,,,ECX,31,16,16,Cache Size (1kB Units),N/A,,#VE,,
0x80000006,N/A,N/A,,,,,EDX,31,0,32,Reserved,N/A,,#VE,,
0x80000007,N/A,N/A,Leaf,AMD Advanced Power Management,,Leaf 0x80000007,,,,,Leaf 0x80000007,,,#VE,,
0x80000007,N/A,N/A,,,,,EAX,31,0,32,Reserved,N/A,,#VE,,
0x80000007,N/A,N/A,,,,,EBX,31,0,32,Reserved,N/A,,#VE,,
0x80000007,N/A,N/A,,,,,ECX,31,0,32,Reserved,N/A,,#VE,,
0x80000007,N/A,N/A,,,,,EDX,7,0,8,Reserved_7_0,N/A,,#VE,,
0x80000007,N/A,N/A,,,,,EDX,8,8,1,Invariant TSC,N/A,,#VE,,
0x80000007,N/A,N/A,,,,,EDX,31,9,23,Reserved_31_9,N/A,,#VE,,
0x80000008,N/A,N/A,Leaf,Virtual/Physical Address Sizes,,Leaf 0x80000008,,,,,Leaf 0x80000008,,,,,
0x80000008,N/A,N/A,,,,,EAX,7,0,8,Number of Physical Address Bits,N/A,,Fixed,0x34,
0x80000008,N/A,N/A,,,,,EAX,15,8,8,Number of Linear Address Bits,N/A,,Native,,
0x80000008,N/A,N/A,,,,,EAX,31,16,16,Reserved,N/A,,Fixed,0x0,
0x80000008,N/A,N/A,,,,,EBX,8,0,9,Reserved_8_0,N/A,,Fixed,0x0,
0x80000008,N/A,N/A,,,,,EBX,9,9,1,WBNOINVD support,CPUID_CONFIG,,As Configured (if Native),,
0x80000008,N/A,N/A,,,,,EBX,31,10,22,Reserved_31_10,N/A,,Fixed,0x0,
0x80000008,N/A,N/A,,,,,ECX,31,0,32,Reserved,N/A,,Fixed,0x0,
0x80000008,N/A,N/A,,,,,EDX,31,0,32,Reserved,N/A,,Fixed,0x0,
